"항목","시점","통계분류(1)",통계분류(2),데이터
"화가 및 조각가","2015","전체",소계,20.6
"화가 및 조각가","2015","예술활동 분야별",문학,3
"화가 및 조각가","2015","예술활동 분야별",미술,80.9
"화가 및 조각가","2015","예술활동 분야별",공예,8.5
"화가 및 조각가","2015","예술활동 분야별",사진,2.1
"화가 및 조각가","2015","예술활동 분야별",건축,0
"화가 및 조각가","2015","예술활동 분야별",음악,0.8
"화가 및 조각가","2015","예술활동 분야별",국악,0.2
"화가 및 조각가","2015","예술활동 분야별",대중음악,0.4
"화가 및 조각가","2015","예술활동 분야별",방송,0
"화가 및 조각가","2015","예술활동 분야별",무용,0
"화가 및 조각가","2015","예술활동 분야별",연극,0.5
"화가 및 조각가","2015","예술활동 분야별",영화,1.3
"화가 및 조각가","2015","예술활동 분야별",만화,4.1
"화가 및 조각가","2015","예술활동 분야별",기타,39.3
"화가 및 조각가","2015","권역별",서울,16.4
"화가 및 조각가","2015","권역별",인천/경기,21.6
"화가 및 조각가","2015","권역별",부산/울산/대구/경북/경남,21.6
"화가 및 조각가","2015","권역별",대전/충청/강원,20.2
"화가 및 조각가","2015","권역별",광주/전라/제주,23.4
"화가 및 조각가","2015","권역별",모름/무응답,0
"화가 및 조각가","2015","성별",남성,17.2
"화가 및 조각가","2015","성별",여성,24.5
"화가 및 조각가","2015","연령별",39세 이하,13.3
"화가 및 조각가","2015","연령별",40대,18.7
"화가 및 조각가","2015","연령별",50대,26.4
"화가 및 조각가","2015","연령별",60세이상,26.1
"화가 및 조각가","2015","학력별",고졸 이하,14.7
"화가 및 조각가","2015","학력별",대졸,20.2
"화가 및 조각가","2015","학력별",대학원이상,25
"화가 및 조각가","2015","학력별",모름/무응답,11.5
"화가 및 조각가","2015","가구소득별",하(3000만원 미만),20.5
"화가 및 조각가","2015","가구소득별",중(3~5000만원 미만),25.4
"화가 및 조각가","2015","가구소득별",상(5000만원 이상),17.3
"화가 및 조각가","2015","가구소득별",모름/무응답,16.7
"화가 및 조각가","2015","혼인상태별",기혼,23.5
"화가 및 조각가","2015","혼인상태별",미혼,13.2
"화가 및 조각가","2015","혼인상태별",기타,20.2
"화가 및 조각가","2015","가구원수별",1명,13.8
"화가 및 조각가","2015","가구원수별",2명,23.8
"화가 및 조각가","2015","가구원수별",3명 이상,20.9
"화가 및 조각가","2015","자녀현황",1명,15.6
"화가 및 조각가","2015","자녀현황",2명,23.6
"화가 및 조각가","2015","자녀현황",3명 이상,23.8
"화가 및 조각가","2015","거주형태",자가,21.4
"화가 및 조각가","2015","거주형태",전/월세,22.8
"화가 및 조각가","2015","거주형태",기타,15.7
"화가 및 조각가","2015","거주형태",모름/무응답,19.8
"화가 및 조각가","2015","협회/단체 가입 여부",가입,0
"화가 및 조각가","2015","협회/단체 가입 여부",미가입,21.2
"화가 및 조각가","2015","지역별",서울,17.7
"화가 및 조각가","2015","지역별",부산,16.4
"화가 및 조각가","2015","지역별",대구,15.8
"화가 및 조각가","2015","지역별",인천,17.4
"화가 및 조각가","2015","지역별",광주,23.4
"화가 및 조각가","2015","지역별",대전,21.6
"화가 및 조각가","2015","지역별",울산,22.1
"화가 및 조각가","2015","지역별",경기,7.6
"화가 및 조각가","2015","지역별",강원,21
"화가 및 조각가","2015","지역별",충북,20.8
"화가 및 조각가","2015","지역별",충남,21.3
"화가 및 조각가","2015","지역별",전북,17.5
"화가 및 조각가","2015","지역별",전남,26.5
"화가 및 조각가","2015","지역별",경북,22
"화가 및 조각가","2015","지역별",경남,36.6
"화가 및 조각가","2015","지역별",제주,23.5
"화가 및 조각가","2015","지역별",모름/무응답,22.3
"화가 및 조각가","2018","전체",소계,20.9
"화가 및 조각가","2018","예술활동 분야별",문학,1.5
"화가 및 조각가","2018","예술활동 분야별",미술,75.8
"화가 및 조각가","2018","예술활동 분야별",공예,2.3
"화가 및 조각가","2018","예술활동 분야별",사진,0.2
"화가 및 조각가","2018","예술활동 분야별",건축,3.3
"화가 및 조각가","2018","예술활동 분야별",음악,0
"화가 및 조각가","2018","예술활동 분야별",국악,0
"화가 및 조각가","2018","예술활동 분야별",대중음악,0
"화가 및 조각가","2018","예술활동 분야별",방송,0.2
"화가 및 조각가","2018","예술활동 분야별",무용,0
"화가 및 조각가","2018","예술활동 분야별",연극,0.1
"화가 및 조각가","2018","예술활동 분야별",영화,0.6
"화가 및 조각가","2018","예술활동 분야별",만화,1.4
"화가 및 조각가","2018","예술활동 분야별",기타,12.4
"화가 및 조각가","2018","권역별",서울,14
"화가 및 조각가","2018","권역별",인천/경기,21.7
"화가 및 조각가","2018","권역별",부산/울산/대구/경북/경남,27.1
"화가 및 조각가","2018","권역별",대전/충청/강원,24.5
"화가 및 조각가","2018","권역별",광주/전라/제주,29.4
"화가 및 조각가","2018","권역별",모름/무응답,34.3
"화가 및 조각가","2018","성별",남성,20.3
"화가 및 조각가","2018","성별",여성,21.8
"화가 및 조각가","2018","연령별",39세 이하,8.3
"화가 및 조각가","2018","연령별",40대,17.1
"화가 및 조각가","2018","연령별",50대,30.2
"화가 및 조각가","2018","연령별",60세이상,30.6
"화가 및 조각가","2018","학력별",고졸 이하,14.8
"화가 및 조각가","2018","학력별",대졸,19.9
"화가 및 조각가","2018","학력별",대학원이상,27.9
"화가 및 조각가","2018","학력별",모름/무응답,4.1
"화가 및 조각가","2018","가구소득별",하(3000만원 미만),22.9
"화가 및 조각가","2018","가구소득별",중(3~5000만원 미만),21.3
"화가 및 조각가","2018","가구소득별",상(5000만원 이상),17.2
"작가","2015","전체",소계,14
"작가","2015","예술활동 분야별",문학,94.3
"작가","2015","예술활동 분야별",미술,2.9
"작가","2015","예술활동 분야별",공예,5.6
"작가","2015","예술활동 분야별",사진,3.4
"작가","2015","예술활동 분야별",건축,0
"작가","2015","예술활동 분야별",음악,1
"작가","2015","예술활동 분야별",국악,1.3
"작가","2015","예술활동 분야별",대중음악,1
"작가","2015","예술활동 분야별",방송,29.5
"작가","2015","예술활동 분야별",무용,0.5
"작가","2015","예술활동 분야별",연극,6.9
"작가","2015","예술활동 분야별",영화,19.7
"작가","2015","예술활동 분야별",만화,7.3
"작가","2015","예술활동 분야별",기타,7.7
"작가","2015","권역별",서울,16.6
"작가","2015","권역별",인천/경기,12.3
"작가","2015","권역별",부산/울산/대구/경북/경남,12.9
"작가","2015","권역별",대전/충청/강원,14.2
"작가","2015","권역별",광주/전라/제주,14
"작가","2015","권역별",모름/무응답,0
"작가","2015","성별",남성,13.1
"작가","2015","성별",여성,14.8
"작가","2015","연령별",39세 이하,6.6
"작가","2015","연령별",40대,10.7
"작가","2015","연령별",50대,16.3
"작가","2015","연령별",60세이상,24.8
"작가","2015","학력별",고졸 이하,12.3
"작가","2015","학력별",대졸,14.9
"작가","2015","학력별",대학원이상,12.8
"작가","2015","학력별",모름/무응답,16.6
"작가","2015","가구소득별",하(3000만원 미만),16
"작가","2015","가구소득별",중(3~5000만원 미만),14.7
"작가","2015","가구소득별",상(5000만원 이상),11.4
"작가","2015","가구소득별",모름/무응답,14.6
"작가","2015","혼인상태별",기혼,15
"작가","2015","혼인상태별",미혼,10.3
"작가","2015","혼인상태별",기타,20.7
"작가","2015","가구원수별",1명,14
"작가","2015","가구원수별",2명,19.7
"작가","2015","가구원수별",3명 이상,11.5
"작가","2015","자녀현황",1명,9.8
"작가","2015","자녀현황",2명,12.8
"작가","2015","자녀현황",3명 이상,15.7
"작가","2015","거주형태",자가,24.3
"작가","2015","거주형태",전/월세,15.4
"작가","2015","거주형태",기타,10.3
"작가","2015","거주형태",모름/무응답,17.2
"작가","2015","협회/단체 가입 여부",가입,0
"작가","2015","협회/단체 가입 여부",미가입,14.5
"작가","2015","지역별",서울,11.4
"작가","2015","지역별",부산,16.6
"작가","2015","지역별",대구,14.8
"작가","2015","지역별",인천,14.8
"작가","2015","지역별",광주,13.9
"작가","2015","지역별",대전,10.1
"작가","2015","지역별",울산,8.9
"작가","2015","지역별",경기,12.9
"작가","2015","지역별",강원,11.8
"작가","2015","지역별",충북,20.3
"작가","2015","지역별",충남,15
"작가","2015","지역별",전북,12.1
"작가","2015","지역별",전남,9.5
"작가","2015","지역별",경북,16.7
"작가","2015","지역별",경남,11
"작가","2015","지역별",제주,11
"작가","2015","지역별",모름/무응답,24.4
"작가","2018","전체",소계,14.5
"작가","2018","예술활동 분야별",문학,96.2
"작가","2018","예술활동 분야별",미술,13
"작가","2018","예술활동 분야별",공예,4.3
"작가","2018","예술활동 분야별",사진,4.7
"작가","2018","예술활동 분야별",건축,4.2
"작가","2018","예술활동 분야별",음악,0.7
"작가","2018","예술활동 분야별",국악,0.2
"작가","2018","예술활동 분야별",대중음악,2.5
"작가","2018","예술활동 분야별",방송,6.5
"작가","2018","예술활동 분야별",무용,2.4
"작가","2018","예술활동 분야별",연극,12.8
"작가","2018","예술활동 분야별",영화,22.7
"작가","2018","예술활동 분야별",만화,17.6
"작가","2018","예술활동 분야별",기타,4.7
"작가","2018","권역별",서울,16
"작가","2018","권역별",인천/경기,8.3
"작가","2018","권역별",부산/울산/대구/경북/경남,17
"작가","2018","권역별",대전/충청/강원,14.7
"작가","2018","권역별",광주/전라/제주,13.4
"작가","2018","권역별",모름/무응답,27.4
"작가","2018","성별",남성,13.6
"작가","2018","성별",여성,15.9
"작가","2018","연령별",39세 이하,10.1
"작가","2018","연령별",40대,14.3
"작가","2018","연령별",50대,17.4
"작가","2018","연령별",60세이상,17.3
"작가","2018","학력별",고졸 이하,10.2
"작가","2018","학력별",대졸,14.6
"작가","2018","학력별",대학원이상,16.9
"작가","2018","학력별",모름/무응답,18.5
"작가","2018","가구소득별",하(3000만원 미만),16.9
"작가","2018","가구소득별",중(3~5000만원 미만),13.8
"작가","2018","가구소득별",상(5000만원 이상),10.9
"배우","2015","전체",소계,9.8
"배우","2015","예술활동 분야별",문학,0.4
"배우","2015","예술활동 분야별",미술,0.1
"배우","2015","예술활동 분야별",공예,0
"배우","2015","예술활동 분야별",사진,0
"배우","2015","예술활동 분야별",건축,0
"배우","2015","예술활동 분야별",음악,0.8
"배우","2015","예술활동 분야별",국악,1.5
"배우","2015","예술활동 분야별",대중음악,1.9
"배우","2015","예술활동 분야별",방송,34.4
"배우","2015","예술활동 분야별",무용,1.1
"배우","2015","예술활동 분야별",연극,69.6
"배우","2015","예술활동 분야별",영화,18.1
"배우","2015","예술활동 분야별",만화,4.3
"배우","2015","예술활동 분야별",기타,2.5
"배우","2015","권역별",서울,10.2
"배우","2015","권역별",인천/경기,13.3
"배우","2015","권역별",부산/울산/대구/경북/경남,9.8
"배우","2015","권역별",대전/충청/강원,8.7
"배우","2015","권역별",광주/전라/제주,7.1
"배우","2015","권역별",모름/무응답,0
"배우","2015","성별",남성,10.7
"배우","2015","성별",여성,8.9
"배우","2015","연령별",39세 이하,15.1
"배우","2015","연령별",40대,12.9
"배우","2015","연령별",50대,5.9
"배우","2015","연령별",60세이상,4.1
"배우","2015","학력별",고졸 이하,10.2
"배우","2015","학력별",대졸,13.1
"배우","2015","학력별",대학원이상,2.7
"배우","2015","학력별",모름/무응답,0
"배우","2015","가구소득별",하(3000만원 미만),11.8
"배우","2015","가구소득별",중(3~5000만원 미만),10.5
"배우","2015","가구소득별",상(5000만원 이상),7.1
"배우","2015","가구소득별",모름/무응답,11.5
"배우","2015","혼인상태별",기혼,7.6
"배우","2015","혼인상태별",미혼,15.4
"배우","2015","혼인상태별",기타,11.4
"배우","2015","가구원수별",1명,15.6
"배우","2015","가구원수별",2명,7
"배우","2015","가구원수별",3명 이상,9.7
"배우","2015","자녀현황",1명,14.5
"배우","2015","자녀현황",2명,8.2
"배우","2015","자녀현황",3명 이상,6.7
"배우","2015","거주형태",자가,8.1
"배우","2015","거주형태",전/월세,7.6
"배우","2015","거주형태",기타,14.9
"배우","2015","거주형태",모름/무응답,10.4
"배우","2015","협회/단체 가입 여부",가입,0
"배우","2015","협회/단체 가입 여부",미가입,9.9
"배우","2015","지역별",서울,9.4
"배우","2015","지역별",부산,10.2
"배우","2015","지역별",대구,7.4
"배우","2015","지역별",인천,10.8
"배우","2015","지역별",광주,16
"배우","2015","지역별",대전,7
"배우","2015","지역별",울산,8.6
"배우","2015","지역별",경기,11.2
"배우","2015","지역별",강원,12.4
"배우","2015","지역별",충북,8.2
"배우","2015","지역별",충남,9.1
"배우","2015","지역별",전북,8.8
"배우","2015","지역별",전남,5.3
"배우","2015","지역별",경북,9.1
"배우","2015","지역별",경남,8.8
"배우","2015","지역별",제주,12.2
"배우","2015","지역별",모름/무응답,7.1
"배우","2018","전체",소계,10.4
"배우","2018","예술활동 분야별",문학,0
"배우","2018","예술활동 분야별",미술,0.3
"배우","2018","예술활동 분야별",공예,0
"배우","2018","예술활동 분야별",사진,0.4
"배우","2018","예술활동 분야별",건축,0
"배우","2018","예술활동 분야별",음악,1.2
"배우","2018","예술활동 분야별",국악,1.2
"배우","2018","예술활동 분야별",대중음악,1.1
"배우","2018","예술활동 분야별",방송,47.4
"배우","2018","예술활동 분야별",무용,4.4
"배우","2018","예술활동 분야별",연극,61.6
"배우","2018","예술활동 분야별",영화,16.1
"배우","2018","예술활동 분야별",만화,0
"배우","2018","예술활동 분야별",기타,2.7
"배우","2018","권역별",서울,12.9
"배우","2018","권역별",인천/경기,12.9
"배우","2018","권역별",부산/울산/대구/경북/경남,7
"배우","2018","권역별",대전/충청/강원,5.2
"배우","2018","권역별",광주/전라/제주,4.5
"배우","2018","권역별",모름/무응답,8.3
"배우","2018","성별",남성,11.7
"배우","2018","성별",여성,8.4
"배우","2018","연령별",39세 이하,16.9
"배우","2018","연령별",40대,14.5
"배우","2018","연령별",50대,6.4
"배우","2018","연령별",60세이상,3.3
"배우","2018","학력별",고졸 이하,13.5
"배우","2018","학력별",대졸,12.5
"배우","2018","학력별",대학원이상,4.5
"배우","2018","학력별",모름/무응답,11
"배우","2018","가구소득별",하(3000만원 미만),13.1
"배우","2018","가구소득별",중(3~5000만원 미만),8.4
"배우","2018","가구소득별",상(5000만원 이상),7.4
"연주가","2015","전체",소계,8.2
"연주가","2015","예술활동 분야별",문학,0
"연주가","2015","예술활동 분야별",미술,0
"연주가","2015","예술활동 분야별",공예,0
"연주가","2015","예술활동 분야별",사진,0.4
"연주가","2015","예술활동 분야별",건축,0
"연주가","2015","예술활동 분야별",음악,55.8
"연주가","2015","예술활동 분야별",국악,6.5
"연주가","2015","예술활동 분야별",대중음악,38.2
"연주가","2015","예술활동 분야별",방송,2
"연주가","2015","예술활동 분야별",무용,0.4
"연주가","2015","예술활동 분야별",연극,0.5
"연주가","2015","예술활동 분야별",영화,0.3
"연주가","2015","예술활동 분야별",만화,0
"연주가","2015","예술활동 분야별",기타,5.1
"연주가","2015","권역별",서울,9
"연주가","2015","권역별",인천/경기,8
"연주가","2015","권역별",부산/울산/대구/경북/경남,7.3
"연주가","2015","권역별",대전/충청/강원,8.3
"연주가","2015","권역별",광주/전라/제주,8.8
"연주가","2015","권역별",모름/무응답,0
"연주가","2015","성별",남성,9.6
"연주가","2015","성별",여성,6.8
"연주가","2015","연령별",39세 이하,13.6
"연주가","2015","연령별",40대,9.1
"연주가","2015","연령별",50대,5.4
"연주가","2015","연령별",60세이상,3.1
"연주가","2015","학력별",고졸 이하,8
"연주가","2015","학력별",대졸,9
"연주가","2015","학력별",대학원이상,6.9
"연주가","2015","학력별",모름/무응답,0
"연주가","2015","가구소득별",하(3000만원 미만),7.9
"연주가","2015","가구소득별",중(3~5000만원 미만),7.8
"연주가","2015","가구소득별",상(5000만원 이상),8.8
"연주가","2015","가구소득별",모름/무응답,8.6
"연주가","2015","혼인상태별",기혼,6.6
"연주가","2015","혼인상태별",미혼,13.1
"연주가","2015","혼인상태별",기타,3.3
"연주가","2015","가구원수별",1명,11.1
"연주가","2015","가구원수별",2명,5.3
"연주가","2015","가구원수별",3명 이상,8.8
"연주가","2015","자녀현황",1명,11.6
"연주가","2015","자녀현황",2명,6.7
"연주가","2015","자녀현황",3명 이상,6.5
"연주가","2015","거주형태",자가,5.5
"연주가","2015","거주형태",전/월세,7.2
"연주가","2015","거주형태",기타,10.7
"연주가","2015","거주형태",모름/무응답,7.7
"연주가","2015","협회/단체 가입 여부",가입,0
"연주가","2015","협회/단체 가입 여부",미가입,7.9
"연주가","2015","지역별",서울,10.2
"연주가","2015","지역별",부산,9
"연주가","2015","지역별",대구,5.8
"연주가","2015","지역별",인천,8.2
"연주가","2015","지역별",광주,5.6
"연주가","2015","지역별",대전,10.8
"연주가","2015","지역별",울산,12.5
"연주가","2015","지역별",경기,14.6
"연주가","2015","지역별",강원,8.7
"연주가","2015","지역별",충북,9.4
"연주가","2015","지역별",충남,5.5
"연주가","2015","지역별",전북,6.4
"연주가","2015","지역별",전남,8.2
"연주가","2015","지역별",경북,8.7
"연주가","2015","지역별",경남,7.9
"연주가","2015","지역별",제주,5.5
"연주가","2015","지역별",모름/무응답,7.5
"연주가","2018","전체",소계,9.8
"연주가","2018","예술활동 분야별",문학,0
"연주가","2018","예술활동 분야별",미술,0.1
"연주가","2018","예술활동 분야별",공예,0
"연주가","2018","예술활동 분야별",사진,0
"연주가","2018","예술활동 분야별",건축,0.4
"연주가","2018","예술활동 분야별",음악,42.2
"연주가","2018","예술활동 분야별",국악,2.2
"연주가","2018","예술활동 분야별",대중음악,43.6
"연주가","2018","예술활동 분야별",방송,2
"연주가","2018","예술활동 분야별",무용,0.6
"연주가","2018","예술활동 분야별",연극,1.4
"연주가","2018","예술활동 분야별",영화,0
"연주가","2018","예술활동 분야별",만화,0
"연주가","2018","예술활동 분야별",기타,5.2
"연주가","2018","권역별",서울,11
"연주가","2018","권역별",인천/경기,10.2
"연주가","2018","권역별",부산/울산/대구/경북/경남,8.6
"연주가","2018","권역별",대전/충청/강원,7.3
"연주가","2018","권역별",광주/전라/제주,7.6
"연주가","2018","권역별",모름/무응답,8.7
"연주가","2018","성별",남성,11.3
"연주가","2018","성별",여성,7.4
"연주가","2018","연령별",39세 이하,18.3
"연주가","2018","연령별",40대,12.2
"연주가","2018","연령별",50대,3.7
"연주가","2018","연령별",60세이상,3.1
"연주가","2018","학력별",고졸 이하,10.3
"연주가","2018","학력별",대졸,10
"연주가","2018","학력별",대학원이상,9.6
"연주가","2018","학력별",모름/무응답,0.6
"연주가","2018","가구소득별",하(3000만원 미만),9.7
"연주가","2018","가구소득별",중(3~5000만원 미만),10.2
"연주가","2018","가구소득별",상(5000만원 이상),9.6
"작곡가 및 편곡가","2015","전체",소계,5.2
"작곡가 및 편곡가","2015","예술활동 분야별",문학,0
"작곡가 및 편곡가","2015","예술활동 분야별",미술,0.1
"작곡가 및 편곡가","2015","예술활동 분야별",공예,0
"작곡가 및 편곡가","2015","예술활동 분야별",사진,0.2
"작곡가 및 편곡가","2015","예술활동 분야별",건축,0
"작곡가 및 편곡가","2015","예술활동 분야별",음악,19.8
"작곡가 및 편곡가","2015","예술활동 분야별",국악,0.9
"작곡가 및 편곡가","2015","예술활동 분야별",대중음악,44.4
"작곡가 및 편곡가","2015","예술활동 분야별",방송,0.6
"작곡가 및 편곡가","2015","예술활동 분야별",무용,1
"작곡가 및 편곡가","2015","예술활동 분야별",연극,0.7
"작곡가 및 편곡가","2015","예술활동 분야별",영화,0.9
"작곡가 및 편곡가","2015","예술활동 분야별",만화,0
"작곡가 및 편곡가","2015","예술활동 분야별",기타,2.4
"작곡가 및 편곡가","2015","권역별",서울,11.1
"작곡가 및 편곡가","2015","권역별",인천/경기,7.2
"작곡가 및 편곡가","2015","권역별",부산/울산/대구/경북/경남,1.8
"작곡가 및 편곡가","2015","권역별",대전/충청/강원,4.4
"작곡가 및 편곡가","2015","권역별",광주/전라/제주,2.4
"작곡가 및 편곡가","2015","권역별",모름/무응답,0
"작곡가 및 편곡가","2015","성별",남성,6.8
"작곡가 및 편곡가","2015","성별",여성,3.4
"작곡가 및 편곡가","2015","연령별",39세 이하,11.8
"작곡가 및 편곡가","2015","연령별",40대,4.7
"작곡가 및 편곡가","2015","연령별",50대,1.5
"작곡가 및 편곡가","2015","연령별",60세이상,0.8
"작곡가 및 편곡가","2015","학력별",고졸 이하,6.9
"작곡가 및 편곡가","2015","학력별",대졸,5.4
"작곡가 및 편곡가","2015","학력별",대학원이상,4.1
"작곡가 및 편곡가","2015","학력별",모름/무응답,0
"작곡가 및 편곡가","2015","가구소득별",하(3000만원 미만),6.9
"작곡가 및 편곡가","2015","가구소득별",중(3~5000만원 미만),4.2
"작곡가 및 편곡가","2015","가구소득별",상(5000만원 이상),4
"작곡가 및 편곡가","2015","가구소득별",모름/무응답,8.2
"작곡가 및 편곡가","2015","혼인상태별",기혼,2.8
"작곡가 및 편곡가","2015","혼인상태별",미혼,11.8
"작곡가 및 편곡가","2015","혼인상태별",기타,2.4
"작곡가 및 편곡가","2015","가구원수별",1명,11.2
"작곡가 및 편곡가","2015","가구원수별",2명,3.6
"작곡가 및 편곡가","2015","가구원수별",3명 이상,4.6
"작곡가 및 편곡가","2015","자녀현황",1명,9.9
"작곡가 및 편곡가","2015","자녀현황",2명,5.5
"작곡가 및 편곡가","2015","자녀현황",3명 이상,1.9
"작곡가 및 편곡가","2015","거주형태",자가,1.2
"작곡가 및 편곡가","2015","거주형태",전/월세,3.4
"작곡가 및 편곡가","2015","거주형태",기타,9.3
"작곡가 및 편곡가","2015","거주형태",모름/무응답,5.8
"작곡가 및 편곡가","2015","협회/단체 가입 여부",가입,0
"작곡가 및 편곡가","2015","협회/단체 가입 여부",미가입,4.5
"작곡가 및 편곡가","2015","지역별",서울,8.7
"작곡가 및 편곡가","2015","지역별",부산,11.1
"작곡가 및 편곡가","2015","지역별",대구,1.7
"작곡가 및 편곡가","2015","지역별",인천,0.3
"작곡가 및 편곡가","2015","지역별",광주,6.1
"작곡가 및 편곡가","2015","지역별",대전,1.9
"작곡가 및 편곡가","2015","지역별",울산,6.7
"작곡가 및 편곡가","2015","지역별",경기,4.2
"작곡가 및 편곡가","2015","지역별",강원,7.5
"작곡가 및 편곡가","2015","지역별",충북,6.5
"작곡가 및 편곡가","2015","지역별",충남,2.2
"작곡가 및 편곡가","2015","지역별",전북,2.6
"작곡가 및 편곡가","2015","지역별",전남,1.5
"작곡가 및 편곡가","2015","지역별",경북,1.6
"작곡가 및 편곡가","2015","지역별",경남,0.7
"작곡가 및 편곡가","2015","지역별",제주,3.2
"작곡가 및 편곡가","2015","지역별",모름/무응답,6.7
"작곡가 및 편곡가","2018","전체",소계,9.4
"작곡가 및 편곡가","2018","예술활동 분야별",문학,0
"작곡가 및 편곡가","2018","예술활동 분야별",미술,0
"작곡가 및 편곡가","2018","예술활동 분야별",공예,0
"작곡가 및 편곡가","2018","예술활동 분야별",사진,0
"작곡가 및 편곡가","2018","예술활동 분야별",건축,0
"작곡가 및 편곡가","2018","예술활동 분야별",음악,19.1
"작곡가 및 편곡가","2018","예술활동 분야별",국악,2.2
"작곡가 및 편곡가","2018","예술활동 분야별",대중음악,54.7
"작곡가 및 편곡가","2018","예술활동 분야별",방송,0.7
"작곡가 및 편곡가","2018","예술활동 분야별",무용,0
"작곡가 및 편곡가","2018","예술활동 분야별",연극,0.5
"작곡가 및 편곡가","2018","예술활동 분야별",영화,0
"작곡가 및 편곡가","2018","예술활동 분야별",만화,0
"작곡가 및 편곡가","2018","예술활동 분야별",기타,1.7
"작곡가 및 편곡가","2018","권역별",서울,13.4
"작곡가 및 편곡가","2018","권역별",인천/경기,9.1
"작곡가 및 편곡가","2018","권역별",부산/울산/대구/경북/경남,6.2
"작곡가 및 편곡가","2018","권역별",대전/충청/강원,7.2
"작곡가 및 편곡가","2018","권역별",광주/전라/제주,3.2
"작곡가 및 편곡가","2018","권역별",모름/무응답,2.4
"작곡가 및 편곡가","2018","성별",남성,11.7
"작곡가 및 편곡가","2018","성별",여성,5.7
"작곡가 및 편곡가","2018","연령별",39세 이하,19
"작곡가 및 편곡가","2018","연령별",40대,9
"작곡가 및 편곡가","2018","연령별",50대,4.2
"작곡가 및 편곡가","2018","연령별",60세이상,2.9
"작곡가 및 편곡가","2018","학력별",고졸 이하,14
"작곡가 및 편곡가","2018","학력별",대졸,10.2
"작곡가 및 편곡가","2018","학력별",대학원이상,5.4
"작곡가 및 편곡가","2018","학력별",모름/무응답,1.9
"작곡가 및 편곡가","2018","가구소득별",하(3000만원 미만),9.8
"작곡가 및 편곡가","2018","가구소득별",중(3~5000만원 미만),6.8
"작곡가 및 편곡가","2018","가구소득별",상(5000만원 이상),10.7
"가수","2015","전체",소계,4.9
"가수","2015","예술활동 분야별",문학,0
"가수","2015","예술활동 분야별",미술,0
"가수","2015","예술활동 분야별",공예,0
"가수","2015","예술활동 분야별",사진,0
"가수","2015","예술활동 분야별",건축,0
"가수","2015","예술활동 분야별",음악,7.9
"가수","2015","예술활동 분야별",국악,0.7
"가수","2015","예술활동 분야별",대중음악,52.6
"가수","2015","예술활동 분야별",방송,1.1
"가수","2015","예술활동 분야별",무용,1
"가수","2015","예술활동 분야별",연극,1.3
"가수","2015","예술활동 분야별",영화,0
"가수","2015","예술활동 분야별",만화,0.6
"가수","2015","예술활동 분야별",기타,2.1
"가수","2015","권역별",서울,8.2
"가수","2015","권역별",인천/경기,5.4
"가수","2015","권역별",부산/울산/대구/경북/경남,3.8
"가수","2015","권역별",대전/충청/강원,3.8
"가수","2015","권역별",광주/전라/제주,3.3
"가수","2015","권역별",모름/무응답,0
"가수","2015","성별",남성,5.4
"가수","2015","성별",여성,4.2
"가수","2015","연령별",39세 이하,9.8
"가수","2015","연령별",40대,3.3
"가수","2015","연령별",50대,3
"가수","2015","연령별",60세이상,1.5
"가수","2015","학력별",고졸 이하,10.7
"가수","2015","학력별",대졸,4.8
"가수","2015","학력별",대학원이상,1.5
"가수","2015","학력별",모름/무응답,9.5
"가수","2015","가구소득별",하(3000만원 미만),6.3
"가수","2015","가구소득별",중(3~5000만원 미만),3.9
"가수","2015","가구소득별",상(5000만원 이상),3.8
"가수","2015","가구소득별",모름/무응답,7.9
"가수","2015","혼인상태별",기혼,3.2
"가수","2015","혼인상태별",미혼,9.1
"가수","2015","혼인상태별",기타,5.4
"가수","2015","가구원수별",1명,9.7
"가수","2015","가구원수별",2명,3.4
"가수","2015","가구원수별",3명 이상,4.4
"가수","2015","자녀현황",1명,8
"가수","2015","자녀현황",2명,4.5
"가수","2015","자녀현황",3명 이상,2.8
"가수","2015","거주형태",자가,2.3
"가수","2015","거주형태",전/월세,3.2
"가수","2015","거주형태",기타,8.2
"가수","2015","거주형태",모름/무응답,7.9
"가수","2015","협회/단체 가입 여부",가입,0
"가수","2015","협회/단체 가입 여부",미가입,4.4
"가수","2015","지역별",서울,7.1
"가수","2015","지역별",부산,8.2
"가수","2015","지역별",대구,4.2
"가수","2015","지역별",인천,3.4
"가수","2015","지역별",광주,5.5
"가수","2015","지역별",대전,3.7
"가수","2015","지역별",울산,4.6
"가수","2015","지역별",경기,1.8
"가수","2015","지역별",강원,5.4
"가수","2015","지역별",충북,4.4
"가수","2015","지역별",충남,2.8
"가수","2015","지역별",전북,3.5
"가수","2015","지역별",전남,3
"가수","2015","지역별",경북,2.9
"가수","2015","지역별",경남,5.9
"가수","2015","지역별",제주,2.4
"가수","2015","지역별",모름/무응답,3.8
"가수","2018","전체",소계,7.6
"가수","2018","예술활동 분야별",문학,0.3
"가수","2018","예술활동 분야별",미술,0
"가수","2018","예술활동 분야별",공예,0
"가수","2018","예술활동 분야별",사진,0.2
"가수","2018","예술활동 분야별",건축,0
"가수","2018","예술활동 분야별",음악,3.8
"가수","2018","예술활동 분야별",국악,0.8
"가수","2018","예술활동 분야별",대중음악,49.1
"가수","2018","예술활동 분야별",방송,1.5
"가수","2018","예술활동 분야별",무용,0.6
"가수","2018","예술활동 분야별",연극,0.3
"가수","2018","예술활동 분야별",영화,0
"가수","2018","예술활동 분야별",만화,0
"가수","2018","예술활동 분야별",기타,1.6
"가수","2018","권역별",서울,10.2
"가수","2018","권역별",인천/경기,8
"가수","2018","권역별",부산/울산/대구/경북/경남,4.2
"가수","2018","권역별",대전/충청/강원,8.4
"가수","2018","권역별",광주/전라/제주,3.2
"가수","2018","권역별",모름/무응답,0.6
"가수","2018","성별",남성,8.3
"가수","2018","성별",여성,6.5
"가수","2018","연령별",39세 이하,15.4
"가수","2018","연령별",40대,4.5
"가수","2018","연령별",50대,3.8
"가수","2018","연령별",60세이상,4
"가수","2018","학력별",고졸 이하,16.1
"가수","2018","학력별",대졸,7.7
"가수","2018","학력별",대학원이상,2.2
"가수","2018","학력별",모름/무응답,2.5
"가수","2018","가구소득별",하(3000만원 미만),7.6
"가수","2018","가구소득별",중(3~5000만원 미만),6.8
"가수","2018","가구소득별",상(5000만원 이상),8.3
"감독 및 연출가","2015","전체",소계,7.3
"감독 및 연출가","2015","예술활동 분야별",문학,0.3
"감독 및 연출가","2015","예술활동 분야별",미술,0.1
"감독 및 연출가","2015","예술활동 분야별",공예,0
"감독 및 연출가","2015","예술활동 분야별",사진,2.1
"감독 및 연출가","2015","예술활동 분야별",건축,0
"감독 및 연출가","2015","예술활동 분야별",음악,9.3
"감독 및 연출가","2015","예술활동 분야별",국악,4.1
"감독 및 연출가","2015","예술활동 분야별",대중음악,3.2
"감독 및 연출가","2015","예술활동 분야별",방송,4.3
"감독 및 연출가","2015","예술활동 분야별",무용,8.4
"감독 및 연출가","2015","예술활동 분야별",연극,28.1
"감독 및 연출가","2015","예술활동 분야별",영화,45.3
"감독 및 연출가","2015","예술활동 분야별",만화,0.3
"감독 및 연출가","2015","예술활동 분야별",기타,6.7
"감독 및 연출가","2015","권역별",서울,10.7
"감독 및 연출가","2015","권역별",인천/경기,6.4
"감독 및 연출가","2015","권역별",부산/울산/대구/경북/경남,4.3
"감독 및 연출가","2015","권역별",대전/충청/강원,8.1
"감독 및 연출가","2015","권역별",광주/전라/제주,7.8
"감독 및 연출가","2015","권역별",모름/무응답,0
"감독 및 연출가","2015","성별",남성,8.7
"감독 및 연출가","2015","성별",여성,5.7
"감독 및 연출가","2015","연령별",39세 이하,8.2
"감독 및 연출가","2015","연령별",40대,12.1
"감독 및 연출가","2015","연령별",50대,6.1
"감독 및 연출가","2015","연령별",60세이상,2.8
"감독 및 연출가","2015","학력별",고졸 이하,5
"감독 및 연출가","2015","학력별",대졸,8.4
"감독 및 연출가","2015","학력별",대학원이상,6.3
"감독 및 연출가","2015","학력별",모름/무응답,7.3
"감독 및 연출가","2015","가구소득별",하(3000만원 미만),8.7
"감독 및 연출가","2015","가구소득별",중(3~5000만원 미만),6.8
"감독 및 연출가","2015","가구소득별",상(5000만원 이상),6.2
"감독 및 연출가","2015","가구소득별",모름/무응답,8.7
"감독 및 연출가","2015","혼인상태별",기혼,6.2
"감독 및 연출가","2015","혼인상태별",미혼,9.6
"감독 및 연출가","2015","혼인상태별",기타,11.5
"감독 및 연출가","2015","가구원수별",1명,11.4
"감독 및 연출가","2015","가구원수별",2명,4.4
"감독 및 연출가","2015","가구원수별",3명 이상,7.5
"감독 및 연출가","2015","자녀현황",1명,9.3
"감독 및 연출가","2015","자녀현황",2명,8.8
"감독 및 연출가","2015","자녀현황",3명 이상,5.5
"감독 및 연출가","2015","거주형태",자가,5.1
"감독 및 연출가","2015","거주형태",전/월세,5
"감독 및 연출가","2015","거주형태",기타,12
"감독 및 연출가","2015","거주형태",모름/무응답,12.5
"감독 및 연출가","2015","협회/단체 가입 여부",가입,0
"감독 및 연출가","2015","협회/단체 가입 여부",미가입,6.8
"감독 및 연출가","2015","지역별",서울,9.6
"감독 및 연출가","2015","지역별",부산,10.7
"감독 및 연출가","2015","지역별",대구,5.7
"감독 및 연출가","2015","지역별",인천,3.4
"감독 및 연출가","2015","지역별",광주,9.5
"감독 및 연출가","2015","지역별",대전,11
"감독 및 연출가","2015","지역별",울산,6.5
"감독 및 연출가","2015","지역별",경기,7.5
"감독 및 연출가","2015","지역별",강원,5.4
"감독 및 연출가","2015","지역별",충북,10.6
"감독 및 연출가","2015","지역별",충남,1.9
"감독 및 연출가","2015","지역별",전북,11.4
"감독 및 연출가","2015","지역별",전남,6.9
"감독 및 연출가","2015","지역별",경북,4.8
"감독 및 연출가","2015","지역별",경남,2.1
"감독 및 연출가","2015","지역별",제주,4.3
"감독 및 연출가","2015","지역별",모름/무응답,10.5
"감독 및 연출가","2018","전체",소계,7
"감독 및 연출가","2018","예술활동 분야별",문학,1.1
"감독 및 연출가","2018","예술활동 분야별",미술,0.4
"감독 및 연출가","2018","예술활동 분야별",공예,0.8
"감독 및 연출가","2018","예술활동 분야별",사진,0.5
"감독 및 연출가","2018","예술활동 분야별",건축,0
"감독 및 연출가","2018","예술활동 분야별",음악,6.2
"감독 및 연출가","2018","예술활동 분야별",국악,3.1
"감독 및 연출가","2018","예술활동 분야별",대중음악,3.7
"감독 및 연출가","2018","예술활동 분야별",방송,15.9
"감독 및 연출가","2018","예술활동 분야별",무용,9.2
"감독 및 연출가","2018","예술활동 분야별",연극,24.1
"감독 및 연출가","2018","예술활동 분야별",영화,47.8
"감독 및 연출가","2018","예술활동 분야별",만화,0
"감독 및 연출가","2018","예술활동 분야별",기타,4.8
"감독 및 연출가","2018","권역별",서울,11.2
"감독 및 연출가","2018","권역별",인천/경기,4.4
"감독 및 연출가","2018","권역별",부산/울산/대구/경북/경남,2.6
"감독 및 연출가","2018","권역별",대전/충청/강원,4.1
"감독 및 연출가","2018","권역별",광주/전라/제주,2.5
"감독 및 연출가","2018","권역별",모름/무응답,13.4
"감독 및 연출가","2018","성별",남성,8
"감독 및 연출가","2018","성별",여성,5.4
"감독 및 연출가","2018","연령별",39세 이하,9.9
"감독 및 연출가","2018","연령별",40대,10.7
"감독 및 연출가","2018","연령별",50대,5.3
"감독 및 연출가","2018","연령별",60세이상,2.4
"감독 및 연출가","2018","학력별",고졸 이하,4.5
"감독 및 연출가","2018","학력별",대졸,8.5
"감독 및 연출가","2018","학력별",대학원이상,6.1
"감독 및 연출가","2018","학력별",모름/무응답,6.3
"감독 및 연출가","2018","가구소득별",하(3000만원 미만),8.1
"감독 및 연출가","2018","가구소득별",중(3~5000만원 미만),7.3
"감독 및 연출가","2018","가구소득별",상(5000만원 이상),4.9
"사진작가","2015","전체",소계,4.5
"사진작가","2015","예술활동 분야별",문학,0.6
"사진작가","2015","예술활동 분야별",미술,1.2
"사진작가","2015","예술활동 분야별",공예,0
"사진작가","2015","예술활동 분야별",사진,97.3
"사진작가","2015","예술활동 분야별",건축,1.3
"사진작가","2015","예술활동 분야별",음악,0.2
"사진작가","2015","예술활동 분야별",국악,0.5
"사진작가","2015","예술활동 분야별",대중음악,0
"사진작가","2015","예술활동 분야별",방송,0
"사진작가","2015","예술활동 분야별",무용,0
"사진작가","2015","예술활동 분야별",연극,1
"사진작가","2015","예술활동 분야별",영화,1.9
"사진작가","2015","예술활동 분야별",만화,0.3
"사진작가","2015","예술활동 분야별",기타,5.3
"사진작가","2015","권역별",서울,4.9
"사진작가","2015","권역별",인천/경기,3
"사진작가","2015","권역별",부산/울산/대구/경북/경남,4.3
"사진작가","2015","권역별",대전/충청/강원,5.3
"사진작가","2015","권역별",광주/전라/제주,4.8
"사진작가","2015","권역별",모름/무응답,0
"사진작가","2015","성별",남성,6.1
"사진작가","2015","성별",여성,2.6
"사진작가","2015","연령별",39세 이하,3.5
"사진작가","2015","연령별",40대,4.5
"사진작가","2015","연령별",50대,4.7
"사진작가","2015","연령별",60세이상,5.6
"사진작가","2015","학력별",고졸 이하,3.9
"사진작가","2015","학력별",대졸,4.3
"사진작가","2015","학력별",대학원이상,5.3
"사진작가","2015","학력별",모름/무응답,0
"사진작가","2015","가구소득별",하(3000만원 미만),4.1
"사진작가","2015","가구소득별",중(3~5000만원 미만),5.1
"사진작가","2015","가구소득별",상(5000만원 이상),4
"사진작가","2015","가구소득별",모름/무응답,5.2
"사진작가","2015","혼인상태별",기혼,4.7
"사진작가","2015","혼인상태별",미혼,3.8
"사진작가","2015","혼인상태별",기타,4.6
"사진작가","2015","가구원수별",1명,4.7
"사진작가","2015","가구원수별",2명,5
"사진작가","2015","가구원수별",3명 이상,4.2
"사진작가","2015","자녀현황",1명,4.1
"사진작가","2015","자녀현황",2명,4.9
"사진작가","2015","자녀현황",3명 이상,4.8
"사진작가","2015","거주형태",자가,3.6
"사진작가","2015","거주형태",전/월세,5
"사진작가","2015","거주형태",기타,3.4
"사진작가","2015","거주형태",모름/무응답,3.1
"사진작가","2015","협회/단체 가입 여부",가입,0
"사진작가","2015","협회/단체 가입 여부",미가입,3.9
"사진작가","2015","지역별",서울,7.2
"사진작가","2015","지역별",부산,4.9
"사진작가","2015","지역별",대구,4.3
"사진작가","2015","지역별",인천,5.3
"사진작가","2015","지역별",광주,1.7
"사진작가","2015","지역별",대전,6.2
"사진작가","2015","지역별",울산,2.4
"사진작가","2015","지역별",경기,6.1
"사진작가","2015","지역별",강원,3.5
"사진작가","2015","지역별",충북,9.7
"사진작가","2015","지역별",충남,6.6
"사진작가","2015","지역별",전북,2.7
"사진작가","2015","지역별",전남,4.7
"사진작가","2015","지역별",경북,2.4
"사진작가","2015","지역별",경남,5.6
"사진작가","2015","지역별",제주,1.8
"사진작가","2015","지역별",모름/무응답,7.1
"사진작가","2018","전체",소계,6.8
"사진작가","2018","예술활동 분야별",문학,1
"사진작가","2018","예술활동 분야별",미술,1.8
"사진작가","2018","예술활동 분야별",공예,0.7
"사진작가","2018","예술활동 분야별",사진,95.3
"사진작가","2018","예술활동 분야별",건축,0.3
"사진작가","2018","예술활동 분야별",음악,0
"사진작가","2018","예술활동 분야별",국악,0
"사진작가","2018","예술활동 분야별",대중음악,0
"사진작가","2018","예술활동 분야별",방송,0.4
"사진작가","2018","예술활동 분야별",무용,0
"사진작가","2018","예술활동 분야별",연극,0.5
"사진작가","2018","예술활동 분야별",영화,0.9
"사진작가","2018","예술활동 분야별",만화,1.3
"사진작가","2018","예술활동 분야별",기타,2.1
"사진작가","2018","권역별",서울,3.7
"사진작가","2018","권역별",인천/경기,6.4
"사진작가","2018","권역별",부산/울산/대구/경북/경남,10.6
"사진작가","2018","권역별",대전/충청/강원,9.5
"사진작가","2018","권역별",광주/전라/제주,13.4
"사진작가","2018","권역별",모름/무응답,4.2
"사진작가","2018","성별",남성,8.5
"사진작가","2018","성별",여성,3.9
"사진작가","2018","연령별",39세 이하,1.9
"사진작가","2018","연령별",40대,2.9
"사진작가","2018","연령별",50대,7.3
"사진작가","2018","연령별",60세이상,14.5
"사진작가","2018","학력별",고졸 이하,11.9
"사진작가","2018","학력별",대졸,6.4
"사진작가","2018","학력별",대학원이상,3.4
"사진작가","2018","학력별",모름/무응답,13.7
"사진작가","2018","가구소득별",하(3000만원 미만),5.1
"사진작가","2018","가구소득별",중(3~5000만원 미만),7.6
"사진작가","2018","가구소득별",상(5000만원 이상),8.8
"공연 및 전시 기획자","2018","전체",소계,6
"공연 및 전시 기획자","2018","예술활동 분야별",문학,1.2
"공연 및 전시 기획자","2018","예술활동 분야별",미술,2.3
"공연 및 전시 기획자","2018","예술활동 분야별",공예,0
"공연 및 전시 기획자","2018","예술활동 분야별",사진,0.5
"공연 및 전시 기획자","2018","예술활동 분야별",건축,2.5
"공연 및 전시 기획자","2018","예술활동 분야별",음악,10.6
"공연 및 전시 기획자","2018","예술활동 분야별",국악,4.2
"공연 및 전시 기획자","2018","예술활동 분야별",대중음악,4.4
"공연 및 전시 기획자","2018","예술활동 분야별",방송,7.4
"공연 및 전시 기획자","2018","예술활동 분야별",무용,7
"공연 및 전시 기획자","2018","예술활동 분야별",연극,12.3
"공연 및 전시 기획자","2018","예술활동 분야별",영화,1.1
"공연 및 전시 기획자","2018","예술활동 분야별",만화,0
"공연 및 전시 기획자","2018","예술활동 분야별",기타,21.9
"공연 및 전시 기획자","2018","권역별",서울,6.6
"공연 및 전시 기획자","2018","권역별",인천/경기,3.9
"공연 및 전시 기획자","2018","권역별",부산/울산/대구/경북/경남,4.8
"공연 및 전시 기획자","2018","권역별",대전/충청/강원,5.3
"공연 및 전시 기획자","2018","권역별",광주/전라/제주,5.4
"공연 및 전시 기획자","2018","권역별",모름/무응답,19.2
"공연 및 전시 기획자","2018","성별",남성,5.1
"공연 및 전시 기획자","2018","성별",여성,7.3
"공연 및 전시 기획자","2018","연령별",39세 이하,8.3
"공연 및 전시 기획자","2018","연령별",40대,10.5
"공연 및 전시 기획자","2018","연령별",50대,4.5
"공연 및 전시 기획자","2018","연령별",60세이상,1.2
"공연 및 전시 기획자","2018","학력별",고졸 이하,2.5
"공연 및 전시 기획자","2018","학력별",대졸,6
"공연 및 전시 기획자","2018","학력별",대학원이상,8.4
"공연 및 전시 기획자","2018","학력별",모름/무응답,3.8
"공연 및 전시 기획자","2018","가구소득별",하(3000만원 미만),6.1
"공연 및 전시 기획자","2018","가구소득별",중(3~5000만원 미만),6.3
"공연 및 전시 기획자","2018","가구소득별",상(5000만원 이상),5.5
"기타","2015","전체",소계,5.6
"기타","2015","예술활동 분야별",문학,5.2
"기타","2015","예술활동 분야별",미술,12.3
"기타","2015","예술활동 분야별",공예,8.4
"기타","2015","예술활동 분야별",사진,4.8
"기타","2015","예술활동 분야별",건축,1
"기타","2015","예술활동 분야별",음악,2.6
"기타","2015","예술활동 분야별",국악,2.7
"기타","2015","예술활동 분야별",대중음악,1.9
"기타","2015","예술활동 분야별",방송,1.5
"기타","2015","예술활동 분야별",무용,4.8
"기타","2015","예술활동 분야별",연극,1.3
"기타","2015","예술활동 분야별",영화,0.3
"기타","2015","예술활동 분야별",만화,5.7
"기타","2015","예술활동 분야별",기타,9.7
"기타","2015","권역별",서울,4.8
"기타","2015","권역별",인천/경기,6.7
"기타","2015","권역별",부산/울산/대구/경북/경남,5.5
"기타","2015","권역별",대전/충청/강원,7.1
"기타","2015","권역별",광주/전라/제주,4
"기타","2015","권역별",모름/무응답,0
"기타","2015","성별",남성,5.2
"기타","2015","성별",여성,6
"기타","2015","연령별",39세 이하,3.4
"기타","2015","연령별",40대,3.8
"기타","2015","연령별",50대,6.6
"기타","2015","연령별",60세이상,9.4
"기타","2015","학력별",고졸 이하,9.3
"기타","2015","학력별",대졸,4.1
"기타","2015","학력별",대학원이상,6.6
"기타","2015","학력별",모름/무응답,16.1
"기타","2015","가구소득별",하(3000만원 미만),6.7
"기타","2015","가구소득별",중(3~5000만원 미만),5
"기타","2015","가구소득별",상(5000만원 이상),4.3
"기타","2015","가구소득별",모름/무응답,9.9
"기타","2015","혼인상태별",기혼,6.2
"기타","2015","혼인상태별",미혼,3.7
"기타","2015","혼인상태별",기타,8
"기타","2015","가구원수별",1명,4.1
"기타","2015","가구원수별",2명,7.6
"기타","2015","가구원수별",3명 이상,5.1
"기타","2015","자녀현황",1명,4.1
"기타","2015","자녀현황",2명,4.9
"기타","2015","자녀현황",3명 이상,6.5
"기타","2015","거주형태",자가,8.9
"기타","2015","거주형태",전/월세,6.1
"기타","2015","거주형태",기타,4.1
"기타","2015","거주형태",모름/무응답,9.4
"기타","2015","협회/단체 가입 여부",가입,0
"기타","2015","협회/단체 가입 여부",미가입,5.4
"기타","2015","지역별",서울,6.6
"기타","2015","지역별",부산,4.8
"기타","2015","지역별",대구,7.9
"기타","2015","지역별",인천,1.1
"기타","2015","지역별",광주,8.3
"기타","2015","지역별",대전,2.4
"기타","2015","지역별",울산,7
"기타","2015","지역별",경기,7.3
"기타","2015","지역별",강원,6.2
"기타","2015","지역별",충북,10.3
"기타","2015","지역별",충남,5.5
"기타","2015","지역별",전북,5.6
"기타","2015","지역별",전남,4.1
"기타","2015","지역별",경북,4.7
"기타","2015","지역별",경남,2.3
"기타","2015","지역별",제주,8.2
"기타","2015","지역별",모름/무응답,4.8
"기타","2018","전체",소계,5.9
"기타","2018","예술활동 분야별",문학,5
"기타","2018","예술활동 분야별",미술,9.6
"기타","2018","예술활동 분야별",공예,7.7
"기타","2018","예술활동 분야별",사진,3.2
"기타","2018","예술활동 분야별",건축,3.3
"기타","2018","예술활동 분야별",음악,4.3
"기타","2018","예술활동 분야별",국악,1.2
"기타","2018","예술활동 분야별",대중음악,2.6
"기타","2018","예술활동 분야별",방송,1.5
"기타","2018","예술활동 분야별",무용,17.3
"기타","2018","예술활동 분야별",연극,5
"기타","2018","예술활동 분야별",영화,2.5
"기타","2018","예술활동 분야별",만화,13.1
"기타","2018","예술활동 분야별",기타,6.9
"기타","2018","권역별",서울,7.1
"기타","2018","권역별",인천/경기,5.7
"기타","2018","권역별",부산/울산/대구/경북/경남,3.9
"기타","2018","권역별",대전/충청/강원,9.5
"기타","2018","권역별",광주/전라/제주,3.1
"기타","2018","권역별",모름/무응답,2.6
"기타","2018","성별",남성,4.7
"기타","2018","성별",여성,7.8
"기타","2018","연령별",39세 이하,4.3
"기타","2018","연령별",40대,5.2
"기타","2018","연령별",50대,6.7
"기타","2018","연령별",60세이상,7.7
"기타","2018","학력별",고졸 이하,6.8
"기타","2018","학력별",대졸,4.8
"기타","2018","학력별",대학원이상,6.6
"기타","2018","학력별",모름/무응답,17.8
"기타","2018","가구소득별",하(3000만원 미만),6.3
"기타","2018","가구소득별",중(3~5000만원 미만),6.6
"기타","2018","가구소득별",상(5000만원 이상),4.8
"국악인","2015","전체",소계,6
"국악인","2015","예술활동 분야별",문학,0
"국악인","2015","예술활동 분야별",미술,0.1
"국악인","2015","예술활동 분야별",공예,0
"국악인","2015","예술활동 분야별",사진,0
"국악인","2015","예술활동 분야별",건축,0
"국악인","2015","예술활동 분야별",음악,0.9
"국악인","2015","예술활동 분야별",국악,61.1
"국악인","2015","예술활동 분야별",대중음악,3.2
"국악인","2015","예술활동 분야별",방송,0
"국악인","2015","예술활동 분야별",무용,1.5
"국악인","2015","예술활동 분야별",연극,2.4
"국악인","2015","예술활동 분야별",영화,0
"국악인","2015","예술활동 분야별",만화,0
"국악인","2015","예술활동 분야별",기타,7.7
"국악인","2015","권역별",서울,5.4
"국악인","2015","권역별",인천/경기,4.4
"국악인","2015","권역별",부산/울산/대구/경북/경남,7.3
"국악인","2015","권역별",대전/충청/강원,6.2
"국악인","2015","권역별",광주/전라/제주,6.3
"국악인","2015","권역별",모름/무응답,0
"국악인","2015","성별",남성,3.4
"국악인","2015","성별",여성,8.9
"국악인","2015","연령별",39세 이하,4.3
"국악인","2015","연령별",40대,4
"국악인","2015","연령별",50대,6.6
"국악인","2015","연령별",60세이상,9.6
"국악인","2015","학력별",고졸 이하,14.6
"국악인","2015","학력별",대졸,4.7
"국악인","2015","학력별",대학원이상,3.7
"국악인","2015","학력별",모름/무응답,24.9
"국악인","2015","가구소득별",하(3000만원 미만),8.1
"국악인","2015","가구소득별",중(3~5000만원 미만),5.2
"국악인","2015","가구소득별",상(5000만원 이상),5.5
"국악인","2015","가구소득별",모름/무응답,3.8
"국악인","2015","혼인상태별",기혼,6.5
"국악인","2015","혼인상태별",미혼,4
"국악인","2015","혼인상태별",기타,10.8
"국악인","2015","가구원수별",1명,5.2
"국악인","2015","가구원수별",2명,8
"국악인","2015","가구원수별",3명 이상,5.4
"국악인","2015","자녀현황",1명,4.2
"국악인","2015","자녀현황",2명,6.5
"국악인","2015","자녀현황",3명 이상,6.9
"국악인","2015","거주형태",자가,8.1
"국악인","2015","거주형태",전/월세,6.4
"국악인","2015","거주형태",기타,4.9
"국악인","2015","거주형태",모름/무응답,7.5
"국악인","2015","협회/단체 가입 여부",가입,0
"국악인","2015","협회/단체 가입 여부",미가입,6.3
"국악인","2015","지역별",서울,4.7
"국악인","2015","지역별",부산,5.4
"국악인","2015","지역별",대구,6.2
"국악인","2015","지역별",인천,9.7
"국악인","2015","지역별",광주,3.3
"국악인","2015","지역별",대전,5.8
"국악인","2015","지역별",울산,6.1
"국악인","2015","지역별",경기,9.5
"국악인","2015","지역별",강원,4.8
"국악인","2015","지역별",충북,7.4
"국악인","2015","지역별",충남,3.5
"국악인","2015","지역별",전북,7.1
"국악인","2015","지역별",전남,7.6
"국악인","2015","지역별",경북,3.7
"국악인","2015","지역별",경남,2.8
"국악인","2015","지역별",제주,10.2
"국악인","2015","지역별",모름/무응답,9
"국악인","2018","전체",소계,5.2
"국악인","2018","예술활동 분야별",문학,0
"국악인","2018","예술활동 분야별",미술,0.5
"국악인","2018","예술활동 분야별",공예,0
"국악인","2018","예술활동 분야별",사진,0.2
"국악인","2018","예술활동 분야별",건축,0
"국악인","2018","예술활동 분야별",음악,0.4
"국악인","2018","예술활동 분야별",국악,61.9
"국악인","2018","예술활동 분야별",대중음악,0
"국악인","2018","예술활동 분야별",방송,0.4
"국악인","2018","예술활동 분야별",무용,2
"국악인","2018","예술활동 분야별",연극,1.2
"국악인","2018","예술활동 분야별",영화,0
"국악인","2018","예술활동 분야별",만화,0
"국악인","2018","예술활동 분야별",기타,26.1
"국악인","2018","권역별",서울,7
"국악인","2018","권역별",인천/경기,3.1
"국악인","2018","권역별",부산/울산/대구/경북/경남,4.5
"국악인","2018","권역별",대전/충청/강원,3.9
"국악인","2018","권역별",광주/전라/제주,7
"국악인","2018","권역별",모름/무응답,0.5
"국악인","2018","성별",남성,3.6
"국악인","2018","성별",여성,7.8
"국악인","2018","연령별",39세 이하,2.4
"국악인","2018","연령별",40대,3.3
"국악인","2018","연령별",50대,7.7
"국악인","2018","연령별",60세이상,7.8
"국악인","2018","학력별",고졸 이하,7.8
"국악인","2018","학력별",대졸,3.5
"국악인","2018","학력별",대학원이상,6.7
"국악인","2018","학력별",모름/무응답,4.3
"국악인","2018","가구소득별",하(3000만원 미만),4.6
"국악인","2018","가구소득별",중(3~5000만원 미만),7.7
"국악인","2018","가구소득별",상(5000만원 이상),4.4
"문화 및 예술관련 관리자","2015","전체",소계,6.4
"문화 및 예술관련 관리자","2015","예술활동 분야별",문학,3.4
"문화 및 예술관련 관리자","2015","예술활동 분야별",미술,2.5
"문화 및 예술관련 관리자","2015","예술활동 분야별",공예,4.3
"문화 및 예술관련 관리자","2015","예술활동 분야별",사진,4.4
"문화 및 예술관련 관리자","2015","예술활동 분야별",건축,1.8
"문화 및 예술관련 관리자","2015","예술활동 분야별",음악,11.3
"문화 및 예술관련 관리자","2015","예술활동 분야별",국악,5.9
"문화 및 예술관련 관리자","2015","예술활동 분야별",대중음악,2.8
"문화 및 예술관련 관리자","2015","예술활동 분야별",방송,8.1
"문화 및 예술관련 관리자","2015","예술활동 분야별",무용,6.5
"문화 및 예술관련 관리자","2015","예술활동 분야별",연극,10.2
"문화 및 예술관련 관리자","2015","예술활동 분야별",영화,3.8
"문화 및 예술관련 관리자","2015","예술활동 분야별",만화,2
"문화 및 예술관련 관리자","2015","예술활동 분야별",기타,16.7
"문화 및 예술관련 관리자","2015","권역별",서울,9.8
"문화 및 예술관련 관리자","2015","권역별",인천/경기,4.2
"문화 및 예술관련 관리자","2015","권역별",부산/울산/대구/경북/경남,6.3
"문화 및 예술관련 관리자","2015","권역별",대전/충청/강원,6.3
"문화 및 예술관련 관리자","2015","권역별",광주/전라/제주,5.5
"문화 및 예술관련 관리자","2015","권역별",모름/무응답,0
"문화 및 예술관련 관리자","2015","성별",남성,6.4
"문화 및 예술관련 관리자","2015","성별",여성,6.5
"문화 및 예술관련 관리자","2015","연령별",39세 이하,6.5
"문화 및 예술관련 관리자","2015","연령별",40대,8.1
"문화 및 예술관련 관리자","2015","연령별",50대,6
"문화 및 예술관련 관리자","2015","연령별",60세이상,5.4
"문화 및 예술관련 관리자","2015","학력별",고졸 이하,6.3
"문화 및 예술관련 관리자","2015","학력별",대졸,5.9
"문화 및 예술관련 관리자","2015","학력별",대학원이상,7.7
"문화 및 예술관련 관리자","2015","학력별",모름/무응답,0
"문화 및 예술관련 관리자","2015","가구소득별",하(3000만원 미만),7.3
"문화 및 예술관련 관리자","2015","가구소득별",중(3~5000만원 미만),5.5
"문화 및 예술관련 관리자","2015","가구소득별",상(5000만원 이상),6.2
"문화 및 예술관련 관리자","2015","가구소득별",모름/무응답,8
"문화 및 예술관련 관리자","2015","혼인상태별",기혼,6.4
"문화 및 예술관련 관리자","2015","혼인상태별",미혼,6.1
"문화 및 예술관련 관리자","2015","혼인상태별",기타,8.6
"문화 및 예술관련 관리자","2015","가구원수별",1명,7.4
"문화 및 예술관련 관리자","2015","가구원수별",2명,5.4
"문화 및 예술관련 관리자","2015","가구원수별",3명 이상,6.7
"문화 및 예술관련 관리자","2015","자녀현황",1명,6.6
"문화 및 예술관련 관리자","2015","자녀현황",2명,6.8
"문화 및 예술관련 관리자","2015","자녀현황",3명 이상,6.4
"문화 및 예술관련 관리자","2015","거주형태",자가,5.6
"문화 및 예술관련 관리자","2015","거주형태",전/월세,5.8
"문화 및 예술관련 관리자","2015","거주형태",기타,7.3
"문화 및 예술관련 관리자","2015","거주형태",모름/무응답,10.5
"문화 및 예술관련 관리자","2015","협회/단체 가입 여부",가입,0
"문화 및 예술관련 관리자","2015","협회/단체 가입 여부",미가입,5.7
"문화 및 예술관련 관리자","2015","지역별",서울,9.9
"문화 및 예술관련 관리자","2015","지역별",부산,9.8
"문화 및 예술관련 관리자","2015","지역별",대구,7.5
"문화 및 예술관련 관리자","2015","지역별",인천,7.2
"문화 및 예술관련 관리자","2015","지역별",광주,5
"문화 및 예술관련 관리자","2015","지역별",대전,5
"문화 및 예술관련 관리자","2015","지역별",울산,2
"문화 및 예술관련 관리자","2015","지역별",경기,11.5
"문화 및 예술관련 관리자","2015","지역별",강원,4
"문화 및 예술관련 관리자","2015","지역별",충북,16.4
"문화 및 예술관련 관리자","2015","지역별",충남,3.4
"문화 및 예술관련 관리자","2015","지역별",전북,2.5
"문화 및 예술관련 관리자","2015","지역별",전남,2
"문화 및 예술관련 관리자","2015","지역별",경북,6.9
"문화 및 예술관련 관리자","2015","지역별",경남,1.8
"문화 및 예술관련 관리자","2015","지역별",제주,6.3
"문화 및 예술관련 관리자","2015","지역별",모름/무응답,11.3
"문화 및 예술관련 관리자","2018","전체",소계,5.1
"문화 및 예술관련 관리자","2018","예술활동 분야별",문학,3.2
"문화 및 예술관련 관리자","2018","예술활동 분야별",미술,2.7
"문화 및 예술관련 관리자","2018","예술활동 분야별",공예,2.5
"문화 및 예술관련 관리자","2018","예술활동 분야별",사진,1.8
"문화 및 예술관련 관리자","2018","예술활동 분야별",건축,0.7
"문화 및 예술관련 관리자","2018","예술활동 분야별",음악,7.9
"문화 및 예술관련 관리자","2018","예술활동 분야별",국악,4.2
"문화 및 예술관련 관리자","2018","예술활동 분야별",대중음악,2.1
"문화 및 예술관련 관리자","2018","예술활동 분야별",방송,3.4
"문화 및 예술관련 관리자","2018","예술활동 분야별",무용,4.7
"문화 및 예술관련 관리자","2018","예술활동 분야별",연극,9
"문화 및 예술관련 관리자","2018","예술활동 분야별",영화,4.7
"문화 및 예술관련 관리자","2018","예술활동 분야별",만화,0.9
"문화 및 예술관련 관리자","2018","예술활동 분야별",기타,20.3
"문화 및 예술관련 관리자","2018","권역별",서울,7.4
"문화 및 예술관련 관리자","2018","권역별",인천/경기,1
"문화 및 예술관련 관리자","2018","권역별",부산/울산/대구/경북/경남,3.7
"문화 및 예술관련 관리자","2018","권역별",대전/충청/강원,6.3
"문화 및 예술관련 관리자","2018","권역별",광주/전라/제주,2.2
"문화 및 예술관련 관리자","2018","권역별",모름/무응답,16.7
"문화 및 예술관련 관리자","2018","성별",남성,4.7
"문화 및 예술관련 관리자","2018","성별",여성,5.9
"문화 및 예술관련 관리자","2018","연령별",39세 이하,4.1
"문화 및 예술관련 관리자","2018","연령별",40대,7.5
"문화 및 예술관련 관리자","2018","연령별",50대,4.3
"문화 및 예술관련 관리자","2018","연령별",60세이상,5.2
"문화 및 예술관련 관리자","2018","학력별",고졸 이하,2
"문화 및 예술관련 관리자","2018","학력별",대졸,5
"문화 및 예술관련 관리자","2018","학력별",대학원이상,6.2
"문화 및 예술관련 관리자","2018","학력별",모름/무응답,25
"문화 및 예술관련 관리자","2018","가구소득별",하(3000만원 미만),5.4
"문화 및 예술관련 관리자","2018","가구소득별",중(3~5000만원 미만),5.9
"문화 및 예술관련 관리자","2018","가구소득별",상(5000만원 이상),4.2
"무용가","2015","전체",소계,6.4
"무용가","2015","예술활동 분야별",문학,0
"무용가","2015","예술활동 분야별",미술,0
"무용가","2015","예술활동 분야별",공예,0
"무용가","2015","예술활동 분야별",사진,0.2
"무용가","2015","예술활동 분야별",건축,0
"무용가","2015","예술활동 분야별",음악,0
"무용가","2015","예술활동 분야별",국악,5.1
"무용가","2015","예술활동 분야별",대중음악,0
"무용가","2015","예술활동 분야별",방송,0.1
"무용가","2015","예술활동 분야별",무용,86.7
"무용가","2015","예술활동 분야별",연극,1.3
"무용가","2015","예술활동 분야별",영화,0.3
"무용가","2015","예술활동 분야별",만화,0
"무용가","2015","예술활동 분야별",기타,4.7
"무용가","2015","권역별",서울,7.2
"무용가","2015","권역별",인천/경기,6.3
"무용가","2015","권역별",부산/울산/대구/경북/경남,7.3
"무용가","2015","권역별",대전/충청/강원,5.5
"무용가","2015","권역별",광주/전라/제주,5.5
"무용가","2015","권역별",모름/무응답,0
"무용가","2015","성별",남성,2.4
"무용가","2015","성별",여성,10.9
"무용가","2015","연령별",39세 이하,11.8
"무용가","2015","연령별",40대,5.9
"무용가","2015","연령별",50대,3.7
"무용가","2015","연령별",60세이상,2.5
"무용가","2015","학력별",고졸 이하,3.6
"무용가","2015","학력별",대졸,6
"무용가","2015","학력별",대학원이상,8.9
"무용가","2015","학력별",모름/무응답,0
"무용가","2015","가구소득별",하(3000만원 미만),5.4
"무용가","2015","가구소득별",중(3~5000만원 미만),5.3
"무용가","2015","가구소득별",상(5000만원 이상),7.8
"무용가","2015","가구소득별",모름/무응답,8.7
"무용가","2015","혼인상태별",기혼,4.7
"무용가","2015","혼인상태별",미혼,10.8
"무용가","2015","혼인상태별",기타,6
"무용가","2015","가구원수별",1명,7.5
"무용가","2015","가구원수별",2명,5.3
"무용가","2015","가구원수별",3명 이상,6.7
"무용가","2015","자녀현황",1명,10.1
"무용가","2015","자녀현황",2명,6
"무용가","2015","자녀현황",3명 이상,4.2
"무용가","2015","거주형태",자가,2.8
"무용가","2015","거주형태",전/월세,6
"무용가","2015","거주형태",기타,7.5
"무용가","2015","거주형태",모름/무응답,6.2
"무용가","2015","협회/단체 가입 여부",가입,0
"무용가","2015","협회/단체 가입 여부",미가입,6
"무용가","2015","지역별",서울,8.7
"무용가","2015","지역별",부산,7.2
"무용가","2015","지역별",대구,3.2
"무용가","2015","지역별",인천,10.3
"무용가","2015","지역별",광주,6.3
"무용가","2015","지역별",대전,6.6
"무용가","2015","지역별",울산,6.8
"무용가","2015","지역별",경기,6.9
"무용가","2015","지역별",강원,6.3
"무용가","2015","지역별",충북,4.8
"무용가","2015","지역별",충남,3.4
"무용가","2015","지역별",전북,6.5
"무용가","2015","지역별",전남,6.7
"무용가","2015","지역별",경북,4.2
"무용가","2015","지역별",경남,5.1
"무용가","2015","지역별",제주,12
"무용가","2015","지역별",모름/무응답,4.1
"무용가","2018","전체",소계,3.4
"무용가","2018","예술활동 분야별",문학,0
"무용가","2018","예술활동 분야별",미술,0
"무용가","2018","예술활동 분야별",공예,0
"무용가","2018","예술활동 분야별",사진,0
"무용가","2018","예술활동 분야별",건축,0
"무용가","2018","예술활동 분야별",음악,0
"무용가","2018","예술활동 분야별",국악,2.5
"무용가","2018","예술활동 분야별",대중음악,0.6
"무용가","2018","예술활동 분야별",방송,2.4
"무용가","2018","예술활동 분야별",무용,77.4
"무용가","2018","예술활동 분야별",연극,1.6
"무용가","2018","예술활동 분야별",영화,0
"무용가","2018","예술활동 분야별",만화,0.7
"무용가","2018","예술활동 분야별",기타,0.4
"무용가","2018","권역별",서울,4.1
"무용가","2018","권역별",인천/경기,3.2
"무용가","2018","권역별",부산/울산/대구/경북/경남,3.5
"무용가","2018","권역별",대전/충청/강원,2.2
"무용가","2018","권역별",광주/전라/제주,2.8
"무용가","2018","권역별",모름/무응답,0.8
"무용가","2018","성별",남성,1.7
"무용가","2018","성별",여성,6.2
"무용가","2018","연령별",39세 이하,7.1
"무용가","2018","연령별",40대,2.6
"무용가","2018","연령별",50대,1
"무용가","2018","연령별",60세이상,1.7
"무용가","2018","학력별",고졸 이하,2.2
"무용가","2018","학력별",대졸,2.6
"무용가","2018","학력별",대학원이상,5.8
"무용가","2018","학력별",모름/무응답,1.1
"무용가","2018","가구소득별",하(3000만원 미만),3.1
"무용가","2018","가구소득별",중(3~5000만원 미만),2.9
"무용가","2018","가구소득별",상(5000만원 이상),4.3
"국악연주가","2015","전체",소계,3.6
"국악연주가","2015","예술활동 분야별",문학,0
"국악연주가","2015","예술활동 분야별",미술,0.2
"국악연주가","2015","예술활동 분야별",공예,0
"국악연주가","2015","예술활동 분야별",사진,0.3
"국악연주가","2015","예술활동 분야별",건축,0
"국악연주가","2015","예술활동 분야별",음악,1
"국악연주가","2015","예술활동 분야별",국악,35.7
"국악연주가","2015","예술활동 분야별",대중음악,0
"국악연주가","2015","예술활동 분야별",방송,0.1
"국악연주가","2015","예술활동 분야별",무용,2.7
"국악연주가","2015","예술활동 분야별",연극,1.8
"국악연주가","2015","예술활동 분야별",영화,0
"국악연주가","2015","예술활동 분야별",만화,0.1
"국악연주가","2015","예술활동 분야별",기타,4.8
"국악연주가","2015","권역별",서울,3.8
"국악연주가","2015","권역별",인천/경기,3.7
"국악연주가","2015","권역별",부산/울산/대구/경북/경남,3.1
"국악연주가","2015","권역별",대전/충청/강원,4.8
"국악연주가","2015","권역별",광주/전라/제주,3.1
"국악연주가","2015","권역별",모름/무응답,0
"국악연주가","2015","성별",남성,3.5
"국악연주가","2015","성별",여성,3.8
"국악연주가","2015","연령별",39세 이하,4.1
"국악연주가","2015","연령별",40대,3.3
"국악연주가","2015","연령별",50대,3.7
"국악연주가","2015","연령별",60세이상,3.2
"국악연주가","2015","학력별",고졸 이하,5.5
"국악연주가","2015","학력별",대졸,3.4
"국악연주가","2015","학력별",대학원이상,2.9
"국악연주가","2015","학력별",모름/무응답,18.6
"국악연주가","2015","가구소득별",하(3000만원 미만),4.1
"국악연주가","2015","가구소득별",중(3~5000만원 미만),4.2
"국악연주가","2015","가구소득별",상(5000만원 이상),3.1
"국악연주가","2015","가구소득별",모름/무응답,1.8
"국악연주가","2015","혼인상태별",기혼,3.7
"국악연주가","2015","혼인상태별",미혼,3.7
"국악연주가","2015","혼인상태별",기타,1.7
"국악연주가","2015","가구원수별",1명,3.4
"국악연주가","2015","가구원수별",2명,3.9
"국악연주가","2015","가구원수별",3명 이상,3.6
"국악연주가","2015","자녀현황",1명,3.6
"국악연주가","2015","자녀현황",2명,2.7
"국악연주가","2015","자녀현황",3명 이상,3.4
"국악연주가","2015","거주형태",자가,6.3
"국악연주가","2015","거주형태",전/월세,3.8
"국악연주가","2015","거주형태",기타,3.4
"국악연주가","2015","거주형태",모름/무응답,2.3
"국악연주가","2015","협회/단체 가입 여부",가입,0
"국악연주가","2015","협회/단체 가입 여부",미가입,3.8
"국악연주가","2015","지역별",서울,2.9
"국악연주가","2015","지역별",부산,3.8
"국악연주가","2015","지역별",대구,0.7
"국악연주가","2015","지역별",인천,4.6
"국악연주가","2015","지역별",광주,4.4
"국악연주가","2015","지역별",대전,2.4
"국악연주가","2015","지역별",울산,3.1
"국악연주가","2015","지역별",경기,4.5
"국악연주가","2015","지역별",강원,3.5
"국악연주가","2015","지역별",충북,3.4
"국악연주가","2015","지역별",충남,4.2
"국악연주가","2015","지역별",전북,7.5
"국악연주가","2015","지역별",전남,3.2
"국악연주가","2015","지역별",경북,2.6
"국악연주가","2015","지역별",경남,2.9
"국악연주가","2015","지역별",제주,4.6
"국악연주가","2015","지역별",모름/무응답,4.7
"국악연주가","2018","전체",소계,2.8
"국악연주가","2018","예술활동 분야별",문학,0
"국악연주가","2018","예술활동 분야별",미술,0
"국악연주가","2018","예술활동 분야별",공예,0
"국악연주가","2018","예술활동 분야별",사진,0
"국악연주가","2018","예술활동 분야별",건축,0
"국악연주가","2018","예술활동 분야별",음악,0.8
"국악연주가","2018","예술활동 분야별",국악,33.5
"국악연주가","2018","예술활동 분야별",대중음악,1
"국악연주가","2018","예술활동 분야별",방송,0
"국악연주가","2018","예술활동 분야별",무용,0.7
"국악연주가","2018","예술활동 분야별",연극,0.5
"국악연주가","2018","예술활동 분야별",영화,0
"국악연주가","2018","예술활동 분야별",만화,0
"국악연주가","2018","예술활동 분야별",기타,12.5
"국악연주가","2018","권역별",서울,2.7
"국악연주가","2018","권역별",인천/경기,2.7
"국악연주가","2018","권역별",부산/울산/대구/경북/경남,2.2
"국악연주가","2018","권역별",대전/충청/강원,5
"국악연주가","2018","권역별",광주/전라/제주,2.9
"국악연주가","2018","권역별",모름/무응답,0.9
"국악연주가","2018","성별",남성,2.8
"국악연주가","2018","성별",여성,2.6
"국악연주가","2018","연령별",39세 이하,3.3
"국악연주가","2018","연령별",40대,4.5
"국악연주가","2018","연령별",50대,1.4
"국악연주가","2018","연령별",60세이상,1.9
"국악연주가","2018","학력별",고졸 이하,1.3
"국악연주가","2018","학력별",대졸,3.8
"국악연주가","2018","학력별",대학원이상,2
"국악연주가","2018","학력별",모름/무응답,0.7
"국악연주가","2018","가구소득별",하(3000만원 미만),2.9
"국악연주가","2018","가구소득별",중(3~5000만원 미만),3.6
"국악연주가","2018","가구소득별",상(5000만원 이상),2
"공예가","2015","전체",소계,5.5
"공예가","2015","예술활동 분야별",문학,0.2
"공예가","2015","예술활동 분야별",미술,5.5
"공예가","2015","예술활동 분야별",공예,92.6
"공예가","2015","예술활동 분야별",사진,0.7
"공예가","2015","예술활동 분야별",건축,0.6
"공예가","2015","예술활동 분야별",음악,0.7
"공예가","2015","예술활동 분야별",국악,0.5
"공예가","2015","예술활동 분야별",대중음악,0.4
"공예가","2015","예술활동 분야별",방송,0
"공예가","2015","예술활동 분야별",무용,0
"공예가","2015","예술활동 분야별",연극,0.2
"공예가","2015","예술활동 분야별",영화,0
"공예가","2015","예술활동 분야별",만화,0
"공예가","2015","예술활동 분야별",기타,6
"공예가","2015","권역별",서울,4.2
"공예가","2015","권역별",인천/경기,4.4
"공예가","2015","권역별",부산/울산/대구/경북/경남,6.1
"공예가","2015","권역별",대전/충청/강원,6.3
"공예가","2015","권역별",광주/전라/제주,6.5
"공예가","2015","권역별",모름/무응답,0
"공예가","2015","성별",남성,4.8
"공예가","2015","성별",여성,6.3
"공예가","2015","연령별",39세 이하,3.9
"공예가","2015","연령별",40대,8.6
"공예가","2015","연령별",50대,6.1
"공예가","2015","연령별",60세이상,4.2
"공예가","2015","학력별",고졸 이하,2.2
"공예가","2015","학력별",대졸,4.1
"공예가","2015","학력별",대학원이상,10.5
"공예가","2015","학력별",모름/무응답,2.3
"공예가","2015","가구소득별",하(3000만원 미만),4
"공예가","2015","가구소득별",중(3~5000만원 미만),4.8
"공예가","2015","가구소득별",상(5000만원 이상),6.8
"공예가","2015","가구소득별",모름/무응답,8.2
"공예가","2015","혼인상태별",기혼,6.1
"공예가","2015","혼인상태별",미혼,4.4
"공예가","2015","혼인상태별",기타,3.1
"공예가","2015","가구원수별",1명,3.9
"공예가","2015","가구원수별",2명,4.2
"공예가","2015","가구원수별",3명 이상,6.4
"공예가","2015","자녀현황",1명,4.8
"공예가","2015","자녀현황",2명,5.3
"공예가","2015","자녀현황",3명 이상,6.3
"공예가","2015","거주형태",자가,5.4
"공예가","2015","거주형태",전/월세,6.1
"공예가","2015","거주형태",기타,4.2
"공예가","2015","거주형태",모름/무응답,6.2
"공예가","2015","협회/단체 가입 여부",가입,0
"공예가","2015","협회/단체 가입 여부",미가입,5.5
"공예가","2015","지역별",서울,5.7
"공예가","2015","지역별",부산,4.2
"공예가","2015","지역별",대구,8.9
"공예가","2015","지역별",인천,3.3
"공예가","2015","지역별",광주,3.7
"공예가","2015","지역별",대전,3.9
"공예가","2015","지역별",울산,8.5
"공예가","2015","지역별",경기,5.6
"공예가","2015","지역별",강원,4.6
"공예가","2015","지역별",충북,6.9
"공예가","2015","지역별",충남,4
"공예가","2015","지역별",전북,5.9
"공예가","2015","지역별",전남,7.1
"공예가","2015","지역별",경북,7.7
"공예가","2015","지역별",경남,5.9
"공예가","2015","지역별",제주,5.4
"공예가","2015","지역별",모름/무응답,6.6
"공예가","2018","전체",소계,2.6
"공예가","2018","예술활동 분야별",문학,0
"공예가","2018","예술활동 분야별",미술,4.5
"공예가","2018","예술활동 분야별",공예,93.5
"공예가","2018","예술활동 분야별",사진,0
"공예가","2018","예술활동 분야별",건축,0
"공예가","2018","예술활동 분야별",음악,0.3
"공예가","2018","예술활동 분야별",국악,0.7
"공예가","2018","예술활동 분야별",대중음악,0
"공예가","2018","예술활동 분야별",방송,0.3
"공예가","2018","예술활동 분야별",무용,0
"공예가","2018","예술활동 분야별",연극,0.6
"공예가","2018","예술활동 분야별",영화,0
"공예가","2018","예술활동 분야별",만화,0
"공예가","2018","예술활동 분야별",기타,4
"공예가","2018","권역별",서울,1.9
"공예가","2018","권역별",인천/경기,1.5
"공예가","2018","권역별",부산/울산/대구/경북/경남,4.9
"공예가","2018","권역별",대전/충청/강원,4.3
"공예가","2018","권역별",광주/전라/제주,4.4
"공예가","2018","권역별",모름/무응답,0.4
"공예가","2018","성별",남성,2
"공예가","2018","성별",여성,3.6
"공예가","2018","연령별",39세 이하,1.4
"공예가","2018","연령별",40대,3.8
"공예가","2018","연령별",50대,4.2
"공예가","2018","연령별",60세이상,2
"공예가","2018","학력별",고졸 이하,1.9
"공예가","2018","학력별",대졸,2.1
"공예가","2018","학력별",대학원이상,4.1
"공예가","2018","학력별",모름/무응답,4.1
"공예가","2018","가구소득별",하(3000만원 미만),2.3
"공예가","2018","가구소득별",중(3~5000만원 미만),2.9
"공예가","2018","가구소득별",상(5000만원 이상),3.1
"기술스태프","2015","전체",소계,2.3
"기술스태프","2015","예술활동 분야별",문학,1.4
"기술스태프","2015","예술활동 분야별",미술,0
"기술스태프","2015","예술활동 분야별",공예,0
"기술스태프","2015","예술활동 분야별",사진,0.4
"기술스태프","2015","예술활동 분야별",건축,0.4
"기술스태프","2015","예술활동 분야별",음악,1.1
"기술스태프","2015","예술활동 분야별",국악,0.7
"기술스태프","2015","예술활동 분야별",대중음악,1
"기술스태프","2015","예술활동 분야별",방송,2.4
"기술스태프","2015","예술활동 분야별",무용,1.2
"기술스태프","2015","예술활동 분야별",연극,7.6
"기술스태프","2015","예술활동 분야별",영화,20.6
"기술스태프","2015","예술활동 분야별",만화,0
"기술스태프","2015","예술활동 분야별",기타,2
"기술스태프","2015","권역별",서울,3.8
"기술스태프","2015","권역별",인천/경기,2.5
"기술스태프","2015","권역별",부산/울산/대구/경북/경남,1.9
"기술스태프","2015","권역별",대전/충청/강원,1.3
"기술스태프","2015","권역별",광주/전라/제주,2
"기술스태프","2015","권역별",모름/무응답,0
"기술스태프","2015","성별",남성,3
"기술스태프","2015","성별",여성,1.5
"기술스태프","2015","연령별",39세 이하,4.9
"기술스태프","2015","연령별",40대,2.8
"기술스태프","2015","연령별",50대,0.4
"기술스태프","2015","연령별",60세이상,0.5
"기술스태프","2015","학력별",고졸 이하,1.9
"기술스태프","2015","학력별",대졸,2.8
"기술스태프","2015","학력별",대학원이상,1.5
"기술스태프","2015","학력별",모름/무응답,0
"기술스태프","2015","가구소득별",하(3000만원 미만),2.8
"기술스태프","2015","가구소득별",중(3~5000만원 미만),2.3
"기술스태프","2015","가구소득별",상(5000만원 이상),1.8
"기술스태프","2015","가구소득별",모름/무응답,2.6
"기술스태프","2015","혼인상태별",기혼,1.4
"기술스태프","2015","혼인상태별",미혼,4.9
"기술스태프","2015","혼인상태별",기타,1
"기술스태프","2015","가구원수별",1명,4.4
"기술스태프","2015","가구원수별",2명,1.3
"기술스태프","2015","가구원수별",3명 이상,2.2
"기술스태프","2015","자녀현황",1명,4.1
"기술스태프","2015","자녀현황",2명,2.2
"기술스태프","2015","자녀현황",3명 이상,1.1
"기술스태프","2015","거주형태",자가,0.3
"기술스태프","2015","거주형태",전/월세,1.7
"기술스태프","2015","거주형태",기타,3.7
"기술스태프","2015","거주형태",모름/무응답,2.2
"기술스태프","2015","협회/단체 가입 여부",가입,0
"기술스태프","2015","협회/단체 가입 여부",미가입,1.9
"기술스태프","2015","지역별",서울,4.2
"기술스태프","2015","지역별",부산,3.8
"기술스태프","2015","지역별",대구,3.1
"기술스태프","2015","지역별",인천,1.2
"기술스태프","2015","지역별",광주,4.9
"기술스태프","2015","지역별",대전,2.4
"기술스태프","2015","지역별",울산,1.3
"기술스태프","2015","지역별",경기,0
"기술스태프","2015","지역별",강원,1.8
"기술스태프","2015","지역별",충북,2.4
"기술스태프","2015","지역별",충남,0
"기술스태프","2015","지역별",전북,1.1
"기술스태프","2015","지역별",전남,0.7
"기술스태프","2015","지역별",경북,3.5
"기술스태프","2015","지역별",경남,0.3
"기술스태프","2015","지역별",제주,2.9
"기술스태프","2015","지역별",모름/무응답,1.6
"기술스태프","2018","전체",소계,2.5
"기술스태프","2018","예술활동 분야별",문학,0
"기술스태프","2018","예술활동 분야별",미술,0.3
"기술스태프","2018","예술활동 분야별",공예,0
"기술스태프","2018","예술활동 분야별",사진,0
"기술스태프","2018","예술활동 분야별",건축,0
"기술스태프","2018","예술활동 분야별",음악,1
"기술스태프","2018","예술활동 분야별",국악,0.7
"기술스태프","2018","예술활동 분야별",대중음악,2.3
"기술스태프","2018","예술활동 분야별",방송,2
"기술스태프","2018","예술활동 분야별",무용,0.4
"기술스태프","2018","예술활동 분야별",연극,9.7
"기술스태프","2018","예술활동 분야별",영화,19.7
"기술스태프","2018","예술활동 분야별",만화,0
"기술스태프","2018","예술활동 분야별",기타,3.3
"기술스태프","2018","권역별",서울,4
"기술스태프","2018","권역별",인천/경기,1.8
"기술스태프","2018","권역별",부산/울산/대구/경북/경남,2
"기술스태프","2018","권역별",대전/충청/강원,1
"기술스태프","2018","권역별",광주/전라/제주,0.7
"기술스태프","2018","권역별",모름/무응답,2
"기술스태프","2018","성별",남성,3.1
"기술스태프","2018","성별",여성,1.6
"기술스태프","2018","연령별",39세 이하,4.7
"기술스태프","2018","연령별",40대,2.4
"기술스태프","2018","연령별",50대,2.6
"기술스태프","2018","연령별",60세이상,0.3
"기술스태프","2018","학력별",고졸 이하,1.9
"기술스태프","2018","학력별",대졸,3.4
"기술스태프","2018","학력별",대학원이상,1.4
"기술스태프","2018","학력별",모름/무응답,3.1
"기술스태프","2018","가구소득별",하(3000만원 미만),3.4
"기술스태프","2018","가구소득별",중(3~5000만원 미만),2.3
"기술스태프","2018","가구소득별",상(5000만원 이상),1.2
"성악가","2015","전체",소계,1.3
"성악가","2015","예술활동 분야별",문학,0
"성악가","2015","예술활동 분야별",미술,0
"성악가","2015","예술활동 분야별",공예,0
"성악가","2015","예술활동 분야별",사진,0
"성악가","2015","예술활동 분야별",건축,0
"성악가","2015","예술활동 분야별",음악,14.1
"성악가","2015","예술활동 분야별",국악,0.2
"성악가","2015","예술활동 분야별",대중음악,0
"성악가","2015","예술활동 분야별",방송,0
"성악가","2015","예술활동 분야별",무용,0
"성악가","2015","예술활동 분야별",연극,1
"성악가","2015","예술활동 분야별",영화,0
"성악가","2015","예술활동 분야별",만화,0
"성악가","2015","예술활동 분야별",기타,0.8
"성악가","2015","권역별",서울,0.5
"성악가","2015","권역별",인천/경기,0.9
"성악가","2015","권역별",부산/울산/대구/경북/경남,2.2
"성악가","2015","권역별",대전/충청/강원,1.6
"성악가","2015","권역별",광주/전라/제주,1
"성악가","2015","권역별",모름/무응답,0
"성악가","2015","성별",남성,1.3
"성악가","2015","성별",여성,1.3
"성악가","2015","연령별",39세 이하,0.9
"성악가","2015","연령별",40대,2.4
"성악가","2015","연령별",50대,1.5
"성악가","2015","연령별",60세이상,0.6
"성악가","2015","학력별",고졸 이하,0.1
"성악가","2015","학력별",대졸,1.3
"성악가","2015","학력별",대학원이상,1.9
"성악가","2015","학력별",모름/무응답,0
"성악가","2015","가구소득별",하(3000만원 미만),0.5
"성악가","2015","가구소득별",중(3~5000만원 미만),1.4
"성악가","2015","가구소득별",상(5000만원 이상),1.9
"성악가","2015","가구소득별",모름/무응답,0.9
"성악가","2015","혼인상태별",기혼,1.7
"성악가","2015","혼인상태별",미혼,0.5
"성악가","2015","혼인상태별",기타,0
"성악가","2015","가구원수별",1명,0.2
"성악가","2015","가구원수별",2명,0.9
"성악가","2015","가구원수별",3명 이상,1.7
"성악가","2015","자녀현황",1명,0.7
"성악가","2015","자녀현황",2명,1.9
"성악가","2015","자녀현황",3명 이상,1.5
"성악가","2015","거주형태",자가,1.6
"성악가","2015","거주형태",전/월세,1.3
"성악가","2015","거주형태",기타,1.3
"성악가","2015","거주형태",모름/무응답,1
"성악가","2015","협회/단체 가입 여부",가입,0
"성악가","2015","협회/단체 가입 여부",미가입,1.4
"성악가","2015","지역별",서울,0.6
"성악가","2015","지역별",부산,0.5
"성악가","2015","지역별",대구,1.9
"성악가","2015","지역별",인천,1.2
"성악가","2015","지역별",광주,1.3
"성악가","2015","지역별",대전,0.4
"성악가","2015","지역별",울산,0.9
"성악가","2015","지역별",경기,3.7
"성악가","2015","지역별",강원,0.8
"성악가","2015","지역별",충북,1.9
"성악가","2015","지역별",충남,0.5
"성악가","2015","지역별",전북,2.6
"성악가","2015","지역별",전남,1
"성악가","2015","지역별",경북,0.8
"성악가","2015","지역별",경남,2.3
"성악가","2015","지역별",제주,2.9
"성악가","2015","지역별",모름/무응답,2.2
"성악가","2018","전체",소계,2
"성악가","2018","예술활동 분야별",문학,0
"성악가","2018","예술활동 분야별",미술,0
"성악가","2018","예술활동 분야별",공예,0
"성악가","2018","예술활동 분야별",사진,0
"성악가","2018","예술활동 분야별",건축,1.8
"성악가","2018","예술활동 분야별",음악,30.1
"성악가","2018","예술활동 분야별",국악,1.3
"성악가","2018","예술활동 분야별",대중음악,0
"성악가","2018","예술활동 분야별",방송,0
"성악가","2018","예술활동 분야별",무용,0
"성악가","2018","예술활동 분야별",연극,0
"성악가","2018","예술활동 분야별",영화,0
"성악가","2018","예술활동 분야별",만화,0
"성악가","2018","예술활동 분야별",기타,0.3
"성악가","2018","권역별",서울,2.3
"성악가","2018","권역별",인천/경기,2
"성악가","2018","권역별",부산/울산/대구/경북/경남,2.1
"성악가","2018","권역별",대전/충청/강원,1.8
"성악가","2018","권역별",광주/전라/제주,1.9
"성악가","2018","권역별",모름/무응답,0
"성악가","2018","성별",남성,2
"성악가","2018","성별",여성,2.1
"성악가","2018","연령별",39세 이하,1.4
"성악가","2018","연령별",40대,3.4
"성악가","2018","연령별",50대,2.5
"성악가","2018","연령별",60세이상,1.4
"성악가","2018","학력별",고졸 이하,0.3
"성악가","2018","학력별",대졸,1.6
"성악가","2018","학력별",대학원이상,4.2
"성악가","2018","학력별",모름/무응답,0
"성악가","2018","가구소득별",하(3000만원 미만),1.4
"성악가","2018","가구소득별",중(3~5000만원 미만),2.2
"성악가","2018","가구소득별",상(5000만원 이상),3
"건축가","2015","전체",소계,4.9
"건축가","2015","예술활동 분야별",문학,0.2
"건축가","2015","예술활동 분야별",미술,0.4
"건축가","2015","예술활동 분야별",공예,0.5
"건축가","2015","예술활동 분야별",사진,0.5
"건축가","2015","예술활동 분야별",건축,98.7
"건축가","2015","예술활동 분야별",음악,0
"건축가","2015","예술활동 분야별",국악,0
"건축가","2015","예술활동 분야별",대중음악,0.6
"건축가","2015","예술활동 분야별",방송,0.5
"건축가","2015","예술활동 분야별",무용,0
"건축가","2015","예술활동 분야별",연극,0
"건축가","2015","예술활동 분야별",영화,0
"건축가","2015","예술활동 분야별",만화,0
"건축가","2015","예술활동 분야별",기타,0.7
"건축가","2015","권역별",서울,5.7
"건축가","2015","권역별",인천/경기,3.1
"건축가","2015","권역별",부산/울산/대구/경북/경남,5.8
"건축가","2015","권역별",대전/충청/강원,5.2
"건축가","2015","권역별",광주/전라/제주,4.2
"건축가","2015","권역별",모름/무응답,0
"건축가","2015","성별",남성,8.5
"건축가","2015","성별",여성,0.8
"건축가","2015","연령별",39세 이하,0.6
"건축가","2015","연령별",40대,6.8
"건축가","2015","연령별",50대,8.3
"건축가","2015","연령별",60세이상,5
"건축가","2015","학력별",고졸 이하,0.4
"건축가","2015","학력별",대졸,2.8
"건축가","2015","학력별",대학원이상,11.7
"건축가","2015","학력별",모름/무응답,0
"건축가","2015","가구소득별",하(3000만원 미만),0.6
"건축가","2015","가구소득별",중(3~5000만원 미만),1.2
"건축가","2015","가구소득별",상(5000만원 이상),12.1
"건축가","2015","가구소득별",모름/무응답,3.7
"건축가","2015","혼인상태별",기혼,6.5
"건축가","2015","혼인상태별",미혼,0.9
"건축가","2015","혼인상태별",기타,2.5
"건축가","2015","가구원수별",1명,1.5
"건축가","2015","가구원수별",2명,2.1
"건축가","2015","가구원수별",3명 이상,6.8
"건축가","2015","자녀현황",1명,1.1
"건축가","2015","자녀현황",2명,5.9
"건축가","2015","자녀현황",3명 이상,8.1
"건축가","2015","거주형태",자가,3.6
"건축가","2015","거주형태",전/월세,6.2
"건축가","2015","거주형태",기타,2.1
"건축가","2015","거주형태",모름/무응답,1.5
"건축가","2015","협회/단체 가입 여부",가입,0
"건축가","2015","협회/단체 가입 여부",미가입,5.1
"건축가","2015","지역별",서울,3.6
"건축가","2015","지역별",부산,5.7
"건축가","2015","지역별",대구,11.8
"건축가","2015","지역별",인천,1.5
"건축가","2015","지역별",광주,0.8
"건축가","2015","지역별",대전,6.4
"건축가","2015","지역별",울산,4.3
"건축가","2015","지역별",경기,11.1
"건축가","2015","지역별",강원,3.8
"건축가","2015","지역별",충북,2
"건축가","2015","지역별",충남,13.7
"건축가","2015","지역별",전북,2.7
"건축가","2015","지역별",전남,4.7
"건축가","2015","지역별",경북,1.1
"건축가","2015","지역별",경남,0.7
"건축가","2015","지역별",제주,4.5
"건축가","2015","지역별",모름/무응답,5.9
"건축가","2018","전체",소계,2.4
"건축가","2018","예술활동 분야별",문학,0
"건축가","2018","예술활동 분야별",미술,1.4
"건축가","2018","예술활동 분야별",공예,0
"건축가","2018","예술활동 분야별",사진,0.6
"건축가","2018","예술활동 분야별",건축,92
"건축가","2018","예술활동 분야별",음악,0
"건축가","2018","예술활동 분야별",국악,0
"건축가","2018","예술활동 분야별",대중음악,0
"건축가","2018","예술활동 분야별",방송,0
"건축가","2018","예술활동 분야별",무용,0
"건축가","2018","예술활동 분야별",연극,0
"건축가","2018","예술활동 분야별",영화,0
"건축가","2018","예술활동 분야별",만화,0
"건축가","2018","예술활동 분야별",기타,1.1
"건축가","2018","권역별",서울,3.4
"건축가","2018","권역별",인천/경기,1.3
"건축가","2018","권역별",부산/울산/대구/경북/경남,2
"건축가","2018","권역별",대전/충청/강원,1.4
"건축가","2018","권역별",광주/전라/제주,1.6
"건축가","2018","권역별",모름/무응답,3.6
"건축가","2018","성별",남성,3.7
"건축가","2018","성별",여성,0.3
"건축가","2018","연령별",39세 이하,0.1
"건축가","2018","연령별",40대,2.4
"건축가","2018","연령별",50대,3.7
"건축가","2018","연령별",60세이상,4
"건축가","2018","학력별",고졸 이하,0
"건축가","2018","학력별",대졸,2.1
"건축가","2018","학력별",대학원이상,4.6
"건축가","2018","학력별",모름/무응답,1.3
"건축가","2018","가구소득별",하(3000만원 미만),1
"건축가","2018","가구소득별",중(3~5000만원 미만),1.3
"건축가","2018","가구소득별",상(5000만원 이상),5.5
"안무가","2015","전체",소계,1.9
"안무가","2015","예술활동 분야별",문학,0
"안무가","2015","예술활동 분야별",미술,0
"안무가","2015","예술활동 분야별",공예,0
"안무가","2015","예술활동 분야별",사진,0
"안무가","2015","예술활동 분야별",건축,0
"안무가","2015","예술활동 분야별",음악,0.2
"안무가","2015","예술활동 분야별",국악,2.1
"안무가","2015","예술활동 분야별",대중음악,0.5
"안무가","2015","예술활동 분야별",방송,0
"안무가","2015","예술활동 분야별",무용,23.5
"안무가","2015","예술활동 분야별",연극,0
"안무가","2015","예술활동 분야별",영화,0
"안무가","2015","예술활동 분야별",만화,0
"안무가","2015","예술활동 분야별",기타,1.9
"안무가","2015","권역별",서울,4.3
"안무가","2015","권역별",인천/경기,0.2
"안무가","2015","권역별",부산/울산/대구/경북/경남,1.5
"안무가","2015","권역별",대전/충청/강원,1.3
"안무가","2015","권역별",광주/전라/제주,2.1
"안무가","2015","권역별",모름/무응답,0
"안무가","2015","성별",남성,0.8
"안무가","2015","성별",여성,3
"안무가","2015","연령별",39세 이하,2.8
"안무가","2015","연령별",40대,2.2
"안무가","2015","연령별",50대,1.7
"안무가","2015","연령별",60세이상,0.4
"안무가","2015","학력별",고졸 이하,1.1
"안무가","2015","학력별",대졸,1.4
"안무가","2015","학력별",대학원이상,3.3
"안무가","2015","학력별",모름/무응답,0
"안무가","2015","가구소득별",하(3000만원 미만),1.8
"안무가","2015","가구소득별",중(3~5000만원 미만),1.1
"안무가","2015","가구소득별",상(5000만원 이상),2.1
"안무가","2015","가구소득별",모름/무응답,4.5
"안무가","2015","혼인상태별",기혼,1.6
"안무가","2015","혼인상태별",미혼,2.3
"안무가","2015","혼인상태별",기타,3.6
"안무가","2015","가구원수별",1명,2.8
"안무가","2015","가구원수별",2명,2
"안무가","2015","가구원수별",3명 이상,1.6
"안무가","2015","자녀현황",1명,2.8
"안무가","2015","자녀현황",2명,1.9
"안무가","2015","자녀현황",3명 이상,1.3
"안무가","2015","거주형태",자가,0.9
"안무가","2015","거주형태",전/월세,1.2
"안무가","2015","거주형태",기타,3.2
"안무가","2015","거주형태",모름/무응답,3.3
"안무가","2015","협회/단체 가입 여부",가입,0
"안무가","2015","협회/단체 가입 여부",미가입,1.9
"안무가","2015","지역별",서울,1.9
"안무가","2015","지역별",부산,4.3
"안무가","2015","지역별",대구,1.8
"안무가","2015","지역별",인천,0.3
"안무가","2015","지역별",광주,0
"안무가","2015","지역별",대전,0.9
"안무가","2015","지역별",울산,0.9
"안무가","2015","지역별",경기,5.4
"안무가","2015","지역별",강원,0.2
"안무가","2015","지역별",충북,3.1
"안무가","2015","지역별",충남,0.4
"안무가","2015","지역별",전북,0.7
"안무가","2015","지역별",전남,1.9
"안무가","2015","지역별",경북,3.3
"안무가","2015","지역별",경남,0
"안무가","2015","지역별",제주,2
"안무가","2015","지역별",모름/무응답,1.8
"안무가","2018","전체",소계,1.6
"안무가","2018","예술활동 분야별",문학,0
"안무가","2018","예술활동 분야별",미술,0
"안무가","2018","예술활동 분야별",공예,0
"안무가","2018","예술활동 분야별",사진,0
"안무가","2018","예술활동 분야별",건축,0
"안무가","2018","예술활동 분야별",음악,0
"안무가","2018","예술활동 분야별",국악,0.1
"안무가","2018","예술활동 분야별",대중음악,0.3
"안무가","2018","예술활동 분야별",방송,2.6
"안무가","2018","예술활동 분야별",무용,31.8
"안무가","2018","예술활동 분야별",연극,2.2
"안무가","2018","예술활동 분야별",영화,0
"안무가","2018","예술활동 분야별",만화,0
"안무가","2018","예술활동 분야별",기타,0.2
"안무가","2018","권역별",서울,2.8
"안무가","2018","권역별",인천/경기,1.2
"안무가","2018","권역별",부산/울산/대구/경북/경남,1.1
"안무가","2018","권역별",대전/충청/강원,0.6
"안무가","2018","권역별",광주/전라/제주,0.1
"안무가","2018","권역별",모름/무응답,0
"안무가","2018","성별",남성,1.3
"안무가","2018","성별",여성,2.2
"안무가","2018","연령별",39세 이하,3.2
"안무가","2018","연령별",40대,2.3
"안무가","2018","연령별",50대,0.5
"안무가","2018","연령별",60세이상,0.3
"안무가","2018","학력별",고졸 이하,1.4
"안무가","2018","학력별",대졸,0.7
"안무가","2018","학력별",대학원이상,3.5
"안무가","2018","학력별",모름/무응답,0.1
"안무가","2018","가구소득별",하(3000만원 미만),1.9
"안무가","2018","가구소득별",중(3~5000만원 미만),1.7
"안무가","2018","가구소득별",상(5000만원 이상),1.1
"만화가","2015","전체",소계,2.7
"만화가","2015","예술활동 분야별",문학,0
"만화가","2015","예술활동 분야별",미술,0.9
"만화가","2015","예술활동 분야별",공예,1.1
"만화가","2015","예술활동 분야별",사진,0.2
"만화가","2015","예술활동 분야별",건축,0
"만화가","2015","예술활동 분야별",음악,0
"만화가","2015","예술활동 분야별",국악,0
"만화가","2015","예술활동 분야별",대중음악,0
"만화가","2015","예술활동 분야별",방송,0
"만화가","2015","예술활동 분야별",무용,0.6
"만화가","2015","예술활동 분야별",연극,0
"만화가","2015","예술활동 분야별",영화,2.5
"만화가","2015","예술활동 분야별",만화,94.4
"만화가","2015","예술활동 분야별",기타,0.2
"만화가","2015","권역별",서울,2.8
"만화가","2015","권역별",인천/경기,3.6
"만화가","2015","권역별",부산/울산/대구/경북/경남,2.5
"만화가","2015","권역별",대전/충청/강원,2.7
"만화가","2015","권역별",광주/전라/제주,2
"만화가","2015","권역별",모름/무응답,0
"만화가","2015","성별",남성,3.7
"만화가","2015","성별",여성,1.6
"만화가","2015","연령별",39세 이하,4.2
"만화가","2015","연령별",40대,3.1
"만화가","2015","연령별",50대,1.7
"만화가","2015","연령별",60세이상,1.5
"만화가","2015","학력별",고졸 이하,7
"만화가","2015","학력별",대졸,2.4
"만화가","2015","학력별",대학원이상,1
"만화가","2015","학력별",모름/무응답,0
"만화가","2015","가구소득별",하(3000만원 미만),3.7
"만화가","2015","가구소득별",중(3~5000만원 미만),2.4
"만화가","2015","가구소득별",상(5000만원 이상),1.5
"만화가","2015","가구소득별",모름/무응답,5.5
"만화가","2015","혼인상태별",기혼,2.2
"만화가","2015","혼인상태별",미혼,3.6
"만화가","2015","혼인상태별",기타,5.5
"만화가","2015","가구원수별",1명,3.8
"만화가","2015","가구원수별",2명,2.8
"만화가","2015","가구원수별",3명 이상,2.4
"만화가","2015","자녀현황",1명,3.9
"만화가","2015","자녀현황",2명,2.8
"만화가","2015","자녀현황",3명 이상,1.5
"만화가","2015","거주형태",자가,3.2
"만화가","2015","거주형태",전/월세,1.6
"만화가","2015","거주형태",기타,4.8
"만화가","2015","거주형태",모름/무응답,5.2
"만화가","2015","협회/단체 가입 여부",가입,0
"만화가","2015","협회/단체 가입 여부",미가입,2.7
"만화가","2015","지역별",서울,3
"만화가","2015","지역별",부산,2.8
"만화가","2015","지역별",대구,2.9
"만화가","2015","지역별",인천,0.5
"만화가","2015","지역별",광주,0.8
"만화가","2015","지역별",대전,2.9
"만화가","2015","지역별",울산,1.9
"만화가","2015","지역별",경기,0
"만화가","2015","지역별",강원,4.5
"만화가","2015","지역별",충북,1.5
"만화가","2015","지역별",충남,2.4
"만화가","2015","지역별",전북,4.5
"만화가","2015","지역별",전남,0.4
"만화가","2015","지역별",경북,2
"만화가","2015","지역별",경남,5.3
"만화가","2015","지역별",제주,2.1
"만화가","2015","지역별",모름/무응답,3.8
"만화가","2018","전체",소계,1.4
"만화가","2018","예술활동 분야별",문학,0.2
"만화가","2018","예술활동 분야별",미술,1.1
"만화가","2018","예술활동 분야별",공예,0
"만화가","2018","예술활동 분야별",사진,0
"만화가","2018","예술활동 분야별",건축,0
"만화가","2018","예술활동 분야별",음악,0
"만화가","2018","예술활동 분야별",국악,0
"만화가","2018","예술활동 분야별",대중음악,0
"만화가","2018","예술활동 분야별",방송,0
"만화가","2018","예술활동 분야별",무용,0
"만화가","2018","예술활동 분야별",연극,0
"만화가","2018","예술활동 분야별",영화,0.8
"만화가","2018","예술활동 분야별",만화,96.4
"만화가","2018","예술활동 분야별",기타,0.1
"만화가","2018","권역별",서울,1.7
"만화가","2018","권역별",인천/경기,2
"만화가","2018","권역별",부산/울산/대구/경북/경남,0.5
"만화가","2018","권역별",대전/충청/강원,1.6
"만화가","2018","권역별",광주/전라/제주,0.3
"만화가","2018","권역별",모름/무응답,0
"만화가","2018","성별",남성,1.4
"만화가","2018","성별",여성,1.4
"만화가","2018","연령별",39세 이하,2.2
"만화가","2018","연령별",40대,1.6
"만화가","2018","연령별",50대,1
"만화가","2018","연령별",60세이상,0.6
"만화가","2018","학력별",고졸 이하,2.9
"만화가","2018","학력별",대졸,1.3
"만화가","2018","학력별",대학원이상,0.5
"만화가","2018","학력별",모름/무응답,1.8
"만화가","2018","가구소득별",하(3000만원 미만),1.4
"만화가","2018","가구소득별",중(3~5000만원 미만),1.1
"만화가","2018","가구소득별",상(5000만원 이상),1.5
"성우","2015","전체",소계,0.9
"성우","2015","예술활동 분야별",문학,0
"성우","2015","예술활동 분야별",미술,0
"성우","2015","예술활동 분야별",공예,0
"성우","2015","예술활동 분야별",사진,0
"성우","2015","예술활동 분야별",건축,0
"성우","2015","예술활동 분야별",음악,0
"성우","2015","예술활동 분야별",국악,0.3
"성우","2015","예술활동 분야별",대중음악,0
"성우","2015","예술활동 분야별",방송,21.7
"성우","2015","예술활동 분야별",무용,0
"성우","2015","예술활동 분야별",연극,1.1
"성우","2015","예술활동 분야별",영화,0
"성우","2015","예술활동 분야별",만화,0
"성우","2015","예술활동 분야별",기타,0
"성우","2015","권역별",서울,2.1
"성우","2015","권역별",인천/경기,1.9
"성우","2015","권역별",부산/울산/대구/경북/경남,0.1
"성우","2015","권역별",대전/충청/강원,0.1
"성우","2015","권역별",광주/전라/제주,0.6
"성우","2015","권역별",모름/무응답,0
"성우","2015","성별",남성,0.3
"성우","2015","성별",여성,1.6
"성우","2015","연령별",39세 이하,0.4
"성우","2015","연령별",40대,0.4
"성우","2015","연령별",50대,1.3
"성우","2015","연령별",60세이상,1.6
"성우","2015","학력별",고졸 이하,1.2
"성우","2015","학력별",대졸,1.3
"성우","2015","학력별",대학원이상,0.1
"성우","2015","학력별",모름/무응답,0
"성우","2015","가구소득별",하(3000만원 미만),0.5
"성우","2015","가구소득별",중(3~5000만원 미만),0.8
"성우","2015","가구소득별",상(5000만원 이상),1.1
"성우","2015","가구소득별",모름/무응답,2
"성우","2015","혼인상태별",기혼,1.2
"성우","2015","혼인상태별",미혼,0.4
"성우","2015","혼인상태별",기타,0.3
"성우","2015","가구원수별",1명,0.9
"성우","2015","가구원수별",2명,1.5
"성우","2015","가구원수별",3명 이상,0.7
"성우","2015","자녀현황",1명,1
"성우","2015","자녀현황",2명,1.3
"성우","2015","자녀현황",3명 이상,0.9
"성우","2015","거주형태",자가,0.3
"성우","2015","거주형태",전/월세,0.9
"성우","2015","거주형태",기타,1.2
"성우","2015","거주형태",모름/무응답,0.1
"성우","2015","협회/단체 가입 여부",가입,0
"성우","2015","협회/단체 가입 여부",미가입,1.1
"성우","2015","지역별",서울,0.2
"성우","2015","지역별",부산,2.1
"성우","2015","지역별",대구,0
"성우","2015","지역별",인천,0.2
"성우","2015","지역별",광주,0.2
"성우","2015","지역별",대전,0
"성우","2015","지역별",울산,0
"성우","2015","지역별",경기,0.9
"성우","2015","지역별",강원,2.4
"성우","2015","지역별",충북,0
"성우","2015","지역별",충남,0
"성우","2015","지역별",전북,0.3
"성우","2015","지역별",전남,1.1
"성우","2015","지역별",경북,0.1
"성우","2015","지역별",경남,0
"성우","2015","지역별",제주,0
"성우","2015","지역별",모름/무응답,0.9
"성우","2018","전체",소계,1.3
"성우","2018","예술활동 분야별",문학,0
"성우","2018","예술활동 분야별",미술,0
"성우","2018","예술활동 분야별",공예,0
"성우","2018","예술활동 분야별",사진,0
"성우","2018","예술활동 분야별",건축,0
"성우","2018","예술활동 분야별",음악,0
"성우","2018","예술활동 분야별",국악,0
"성우","2018","예술활동 분야별",대중음악,0.5
"성우","2018","예술활동 분야별",방송,18
"성우","2018","예술활동 분야별",무용,0
"성우","2018","예술활동 분야별",연극,0.6
"성우","2018","예술활동 분야별",영화,0
"성우","2018","예술활동 분야별",만화,0
"성우","2018","예술활동 분야별",기타,2.1
"성우","2018","권역별",서울,1.6
"성우","2018","권역별",인천/경기,1.6
"성우","2018","권역별",부산/울산/대구/경북/경남,1.1
"성우","2018","권역별",대전/충청/강원,0.4
"성우","2018","권역별",광주/전라/제주,0.2
"성우","2018","권역별",모름/무응답,2.5
"성우","2018","성별",남성,1.1
"성우","2018","성별",여성,1.7
"성우","2018","연령별",39세 이하,1
"성우","2018","연령별",40대,2.4
"성우","2018","연령별",50대,0.8
"성우","2018","연령별",60세이상,1.3
"성우","2018","학력별",고졸 이하,1.1
"성우","2018","학력별",대졸,1.6
"성우","2018","학력별",대학원이상,1.2
"성우","2018","학력별",모름/무응답,0
"성우","2018","가구소득별",하(3000만원 미만),0.8
"성우","2018","가구소득별",중(3~5000만원 미만),0.6
"성우","2018","가구소득별",상(5000만원 이상),2.8
"전통예능인","2015","전체",소계,1.2
"전통예능인","2015","예술활동 분야별",문학,0
"전통예능인","2015","예술활동 분야별",미술,0.5
"전통예능인","2015","예술활동 분야별",공예,2.1
"전통예능인","2015","예술활동 분야별",사진,0
"전통예능인","2015","예술활동 분야별",건축,0
"전통예능인","2015","예술활동 분야별",음악,0.6
"전통예능인","2015","예술활동 분야별",국악,5.3
"전통예능인","2015","예술활동 분야별",대중음악,0.5
"전통예능인","2015","예술활동 분야별",방송,0
"전통예능인","2015","예술활동 분야별",무용,2.7
"전통예능인","2015","예술활동 분야별",연극,0.8
"전통예능인","2015","예술활동 분야별",영화,0
"전통예능인","2015","예술활동 분야별",만화,0
"전통예능인","2015","예술활동 분야별",기타,2.8
"전통예능인","2015","권역별",서울,2.5
"전통예능인","2015","권역별",인천/경기,0.7
"전통예능인","2015","권역별",부산/울산/대구/경북/경남,1.5
"전통예능인","2015","권역별",대전/충청/강원,0.9
"전통예능인","2015","권역별",광주/전라/제주,0.3
"전통예능인","2015","권역별",모름/무응답,0
"전통예능인","2015","성별",남성,0.9
"전통예능인","2015","성별",여성,1.6
"전통예능인","2015","연령별",39세 이하,1.1
"전통예능인","2015","연령별",40대,1.5
"전통예능인","2015","연령별",50대,1.4
"전통예능인","2015","연령별",60세이상,0.9
"전통예능인","2015","학력별",고졸 이하,1.5
"전통예능인","2015","학력별",대졸,1.1
"전통예능인","2015","학력별",대학원이상,1.3
"전통예능인","2015","학력별",모름/무응답,0
"전통예능인","2015","가구소득별",하(3000만원 미만),1.9
"전통예능인","2015","가구소득별",중(3~5000만원 미만),0.7
"전통예능인","2015","가구소득별",상(5000만원 이상),0.7
"전통예능인","2015","가구소득별",모름/무응답,3
"전통예능인","2015","혼인상태별",기혼,1.1
"전통예능인","2015","혼인상태별",미혼,1
"전통예능인","2015","혼인상태별",기타,3.7
"전통예능인","2015","가구원수별",1명,1.2
"전통예능인","2015","가구원수별",2명,1.1
"전통예능인","2015","가구원수별",3명 이상,1.3
"전통예능인","2015","자녀현황",1명,1
"전통예능인","2015","자녀현황",2명,1.9
"전통예능인","2015","자녀현황",3명 이상,1
"전통예능인","2015","거주형태",자가,1.3
"전통예능인","2015","거주형태",전/월세,0.9
"전통예능인","2015","거주형태",기타,1.8
"전통예능인","2015","거주형태",모름/무응답,2.1
"전통예능인","2015","협회/단체 가입 여부",가입,0
"전통예능인","2015","협회/단체 가입 여부",미가입,1.2
"전통예능인","2015","지역별",서울,1.1
"전통예능인","2015","지역별",부산,2.5
"전통예능인","2015","지역별",대구,1.8
"전통예능인","2015","지역별",인천,0.3
"전통예능인","2015","지역별",광주,0.9
"전통예능인","2015","지역별",대전,0
"전통예능인","2015","지역별",울산,0.5
"전통예능인","2015","지역별",경기,4.2
"전통예능인","2015","지역별",강원,0.6
"전통예능인","2015","지역별",충북,2.7
"전통예능인","2015","지역별",충남,0
"전통예능인","2015","지역별",전북,0.3
"전통예능인","2015","지역별",전남,0
"전통예능인","2015","지역별",경북,0.5
"전통예능인","2015","지역별",경남,0
"전통예능인","2015","지역별",제주,2.5
"전통예능인","2015","지역별",모름/무응답,0.8
"전통예능인","2018","전체",소계,1.2
"전통예능인","2018","예술활동 분야별",문학,0
"전통예능인","2018","예술활동 분야별",미술,0.6
"전통예능인","2018","예술활동 분야별",공예,0
"전통예능인","2018","예술활동 분야별",사진,0.2
"전통예능인","2018","예술활동 분야별",건축,0
"전통예능인","2018","예술활동 분야별",음악,0
"전통예능인","2018","예술활동 분야별",국악,7.4
"전통예능인","2018","예술활동 분야별",대중음악,0
"전통예능인","2018","예술활동 분야별",방송,0.5
"전통예능인","2018","예술활동 분야별",무용,1.5
"전통예능인","2018","예술활동 분야별",연극,1.5
"전통예능인","2018","예술활동 분야별",영화,0
"전통예능인","2018","예술활동 분야별",만화,0
"전통예능인","2018","예술활동 분야별",기타,6.4
"전통예능인","2018","권역별",서울,2.1
"전통예능인","2018","권역별",인천/경기,0.2
"전통예능인","2018","권역별",부산/울산/대구/경북/경남,0.8
"전통예능인","2018","권역별",대전/충청/강원,1.2
"전통예능인","2018","권역별",광주/전라/제주,0.6
"전통예능인","2018","권역별",모름/무응답,1.5
"전통예능인","2018","성별",남성,1.3
"전통예능인","2018","성별",여성,1.1
"전통예능인","2018","연령별",39세 이하,0.6
"전통예능인","2018","연령별",40대,0.6
"전통예능인","2018","연령별",50대,1
"전통예능인","2018","연령별",60세이상,2.6
"전통예능인","2018","학력별",고졸 이하,0.9
"전통예능인","2018","학력별",대졸,0.6
"전통예능인","2018","학력별",대학원이상,1.3
"전통예능인","2018","학력별",모름/무응답,19.3
"전통예능인","2018","가구소득별",하(3000만원 미만),1.9
"전통예능인","2018","가구소득별",중(3~5000만원 미만),0.8
"전통예능인","2018","가구소득별",상(5000만원 이상),0.5
"지휘자","2015","전체",소계,1.3
"지휘자","2015","예술활동 분야별",문학,0
"지휘자","2015","예술활동 분야별",미술,0
"지휘자","2015","예술활동 분야별",공예,0
"지휘자","2015","예술활동 분야별",사진,0
"지휘자","2015","예술활동 분야별",건축,0
"지휘자","2015","예술활동 분야별",음악,13.8
"지휘자","2015","예술활동 분야별",국악,0.2
"지휘자","2015","예술활동 분야별",대중음악,0.6
"지휘자","2015","예술활동 분야별",방송,0
"지휘자","2015","예술활동 분야별",무용,0
"지휘자","2015","예술활동 분야별",연극,0.2
"지휘자","2015","예술활동 분야별",영화,0
"지휘자","2015","예술활동 분야별",만화,0
"지휘자","2015","예술활동 분야별",기타,1.5
"지휘자","2015","권역별",서울,1.4
"지휘자","2015","권역별",인천/경기,1.3
"지휘자","2015","권역별",부산/울산/대구/경북/경남,1.1
"지휘자","2015","권역별",대전/충청/강원,1.8
"지휘자","2015","권역별",광주/전라/제주,1
"지휘자","2015","권역별",모름/무응답,0
"지휘자","2015","성별",남성,2
"지휘자","2015","성별",여성,0.5
"지휘자","2015","연령별",39세 이하,1
"지휘자","2015","연령별",40대,1.3
"지휘자","2015","연령별",50대,2
"지휘자","2015","연령별",60세이상,1
"지휘자","2015","학력별",고졸 이하,0.4
"지휘자","2015","학력별",대졸,1
"지휘자","2015","학력별",대학원이상,2.4
"지휘자","2015","학력별",모름/무응답,0
"지휘자","2015","가구소득별",하(3000만원 미만),1.3
"지휘자","2015","가구소득별",중(3~5000만원 미만),1.2
"지휘자","2015","가구소득별",상(5000만원 이상),1.5
"지휘자","2015","가구소득별",모름/무응답,0.9
"지휘자","2015","혼인상태별",기혼,1.5
"지휘자","2015","혼인상태별",미혼,0.7
"지휘자","2015","혼인상태별",기타,1.9
"지휘자","2015","가구원수별",1명,0.7
"지휘자","2015","가구원수별",2명,1.2
"지휘자","2015","가구원수별",3명 이상,1.5
"지휘자","2015","자녀현황",1명,0.9
"지휘자","2015","자녀현황",2명,0.8
"지휘자","2015","자녀현황",3명 이상,1.7
"지휘자","2015","거주형태",자가,2.2
"지휘자","2015","거주형태",전/월세,1.3
"지휘자","2015","거주형태",기타,1.4
"지휘자","2015","거주형태",모름/무응답,1.1
"지휘자","2015","협회/단체 가입 여부",가입,0
"지휘자","2015","협회/단체 가입 여부",미가입,1.3
"지휘자","2015","지역별",서울,1.6
"지휘자","2015","지역별",부산,1.4
"지휘자","2015","지역별",대구,1.1
"지휘자","2015","지역별",인천,0
"지휘자","2015","지역별",광주,0
"지휘자","2015","지역별",대전,0
"지휘자","2015","지역별",울산,2
"지휘자","2015","지역별",경기,3.6
"지휘자","2015","지역별",강원,1.6
"지휘자","2015","지역별",충북,3.6
"지휘자","2015","지역별",충남,0
"지휘자","2015","지역별",전북,1.5
"지휘자","2015","지역별",전남,1.2
"지휘자","2015","지역별",경북,0.8
"지휘자","2015","지역별",경남,1.1
"지휘자","2015","지역별",제주,1.1
"지휘자","2015","지역별",모름/무응답,2.8
"지휘자","2018","전체",소계,1.2
"지휘자","2018","예술활동 분야별",문학,0
"지휘자","2018","예술활동 분야별",미술,0
"지휘자","2018","예술활동 분야별",공예,0
"지휘자","2018","예술활동 분야별",사진,0
"지휘자","2018","예술활동 분야별",건축,0
"지휘자","2018","예술활동 분야별",음악,15
"지휘자","2018","예술활동 분야별",국악,4.8
"지휘자","2018","예술활동 분야별",대중음악,0.3
"지휘자","2018","예술활동 분야별",방송,0
"지휘자","2018","예술활동 분야별",무용,0
"지휘자","2018","예술활동 분야별",연극,0
"지휘자","2018","예술활동 분야별",영화,0
"지휘자","2018","예술활동 분야별",만화,0
"지휘자","2018","예술활동 분야별",기타,0
"지휘자","2018","권역별",서울,0.9
"지휘자","2018","권역별",인천/경기,2
"지휘자","2018","권역별",부산/울산/대구/경북/경남,0.5
"지휘자","2018","권역별",대전/충청/강원,2.2
"지휘자","2018","권역별",광주/전라/제주,0.3
"지휘자","2018","권역별",모름/무응답,2.9
"지휘자","2018","성별",남성,1.7
"지휘자","2018","성별",여성,0.4
"지휘자","2018","연령별",39세 이하,0.5
"지휘자","2018","연령별",40대,1.5
"지휘자","2018","연령별",50대,2.7
"지휘자","2018","연령별",60세이상,0.7
"지휘자","2018","학력별",고졸 이하,0.2
"지휘자","2018","학력별",대졸,1.3
"지휘자","2018","학력별",대학원이상,1.7
"지휘자","2018","학력별",모름/무응답,0
"지휘자","2018","가구소득별",하(3000만원 미만),0.8
"지휘자","2018","가구소득별",중(3~5000만원 미만),1
"지휘자","2018","가구소득별",상(5000만원 이상),2.1
"평론가","2015","전체",소계,0.7
"평론가","2015","예술활동 분야별",문학,2.9
"평론가","2015","예술활동 분야별",미술,0.2
"평론가","2015","예술활동 분야별",공예,0
"평론가","2015","예술활동 분야별",사진,0
"평론가","2015","예술활동 분야별",건축,0.6
"평론가","2015","예술활동 분야별",음악,0.5
"평론가","2015","예술활동 분야별",국악,0.2
"평론가","2015","예술활동 분야별",대중음악,0.3
"평론가","2015","예술활동 분야별",방송,0.3
"평론가","2015","예술활동 분야별",무용,0.5
"평론가","2015","예술활동 분야별",연극,0.9
"평론가","2015","예술활동 분야별",영화,0.2
"평론가","2015","예술활동 분야별",만화,0
"평론가","2015","예술활동 분야별",기타,1.4
"평론가","2015","권역별",서울,1
"평론가","2015","권역별",인천/경기,1.1
"평론가","2015","권역별",부산/울산/대구/경북/경남,0.8
"평론가","2015","권역별",대전/충청/강원,0.5
"평론가","2015","권역별",광주/전라/제주,0.1
"평론가","2015","권역별",모름/무응답,0
"평론가","2015","성별",남성,0.6
"평론가","2015","성별",여성,0.8
"평론가","2015","연령별",39세 이하,0.5
"평론가","2015","연령별",40대,0.7
"평론가","2015","연령별",50대,0.7
"평론가","2015","연령별",60세이상,1.2
"평론가","2015","학력별",고졸 이하,0.4
"평론가","2015","학력별",대졸,0.4
"평론가","2015","학력별",대학원이상,1.7
"평론가","2015","학력별",모름/무응답,0
"평론가","2015","가구소득별",하(3000만원 미만),0.4
"평론가","2015","가구소득별",중(3~5000만원 미만),1.1
"평론가","2015","가구소득별",상(5000만원 이상),0.7
"평론가","2015","가구소득별",모름/무응답,0.2
"평론가","2015","혼인상태별",기혼,0.7
"평론가","2015","혼인상태별",미혼,0.5
"평론가","2015","혼인상태별",기타,2.7
"평론가","2015","가구원수별",1명,0.6
"평론가","2015","가구원수별",2명,0.8
"평론가","2015","가구원수별",3명 이상,0.7
"평론가","2015","자녀현황",1명,0.5
"평론가","2015","자녀현황",2명,1.3
"평론가","2015","자녀현황",3명 이상,0.8
"평론가","2015","거주형태",자가,0.4
"평론가","2015","거주형태",전/월세,0.7
"평론가","2015","거주형태",기타,0.7
"평론가","2015","거주형태",모름/무응답,0
"평론가","2015","협회/단체 가입 여부",가입,0
"평론가","2015","협회/단체 가입 여부",미가입,0.8
"평론가","2015","지역별",서울,0.5
"평론가","2015","지역별",부산,1
"평론가","2015","지역별",대구,1.1
"평론가","2015","지역별",인천,0.8
"평론가","2015","지역별",광주,1.3
"평론가","2015","지역별",대전,0.3
"평론가","2015","지역별",울산,0
"평론가","2015","지역별",경기,2.5
"평론가","2015","지역별",강원,1
"평론가","2015","지역별",충북,1.7
"평론가","2015","지역별",충남,0
"평론가","2015","지역별",전북,0.3
"평론가","2015","지역별",전남,0
"평론가","2015","지역별",경북,0.3
"평론가","2015","지역별",경남,0.4
"평론가","2015","지역별",제주,0.3
"평론가","2015","지역별",모름/무응답,0
"평론가","2018","전체",소계,1.1
"평론가","2018","예술활동 분야별",문학,4
"평론가","2018","예술활동 분야별",미술,0.5
"평론가","2018","예술활동 분야별",공예,0
"평론가","2018","예술활동 분야별",사진,0
"평론가","2018","예술활동 분야별",건축,0.5
"평론가","2018","예술활동 분야별",음악,0.3
"평론가","2018","예술활동 분야별",국악,0
"평론가","2018","예술활동 분야별",대중음악,0
"평론가","2018","예술활동 분야별",방송,0.5
"평론가","2018","예술활동 분야별",무용,1
"평론가","2018","예술활동 분야별",연극,3
"평론가","2018","예술활동 분야별",영화,1.3
"평론가","2018","예술활동 분야별",만화,0.6
"평론가","2018","예술활동 분야별",기타,2.8
"평론가","2018","권역별",서울,1.6
"평론가","2018","권역별",인천/경기,0.3
"평론가","2018","권역별",부산/울산/대구/경북/경남,0.7
"평론가","2018","권역별",대전/충청/강원,0.8
"평론가","2018","권역별",광주/전라/제주,0.1
"평론가","2018","권역별",모름/무응답,5.6
"평론가","2018","성별",남성,1.1
"평론가","2018","성별",여성,1.1
"평론가","2018","연령별",39세 이하,0.5
"평론가","2018","연령별",40대,1.9
"평론가","2018","연령별",50대,0.8
"평론가","2018","연령별",60세이상,1.4
"평론가","2018","학력별",고졸 이하,0.4
"평론가","2018","학력별",대졸,0.7
"평론가","2018","학력별",대학원이상,2.1
"평론가","2018","학력별",모름/무응답,3.2
"평론가","2018","가구소득별",하(3000만원 미만),0.8
"평론가","2018","가구소득별",중(3~5000만원 미만),1.2
"평론가","2018","가구소득별",상(5000만원 이상),1.5
"모델","2015","전체",소계,0.3
"모델","2015","예술활동 분야별",문학,0
"모델","2015","예술활동 분야별",미술,0.1
"모델","2015","예술활동 분야별",공예,0
"모델","2015","예술활동 분야별",사진,0
"모델","2015","예술활동 분야별",건축,0
"모델","2015","예술활동 분야별",음악,0
"모델","2015","예술활동 분야별",국악,0
"모델","2015","예술활동 분야별",대중음악,0.6
"모델","2015","예술활동 분야별",방송,0.8
"모델","2015","예술활동 분야별",무용,0.8
"모델","2015","예술활동 분야별",연극,0.8
"모델","2015","예술활동 분야별",영화,0.8
"모델","2015","예술활동 분야별",만화,0
"모델","2015","예술활동 분야별",기타,0
"모델","2015","권역별",서울,0.8
"모델","2015","권역별",인천/경기,0.4
"모델","2015","권역별",부산/울산/대구/경북/경남,0
"모델","2015","권역별",대전/충청/강원,0.1
"모델","2015","권역별",광주/전라/제주,0
"모델","2015","권역별",모름/무응답,0
"모델","2015","성별",남성,0.1
"모델","2015","성별",여성,0.4
"모델","2015","연령별",39세 이하,0.6
"모델","2015","연령별",40대,0.1
"모델","2015","연령별",50대,0.1
"모델","2015","연령별",60세이상,0.1
"모델","2015","학력별",고졸 이하,0.3
"모델","2015","학력별",대졸,0.4
"모델","2015","학력별",대학원이상,0
"모델","2015","학력별",모름/무응답,0
"모델","2015","가구소득별",하(3000만원 미만),0.5
"모델","2015","가구소득별",중(3~5000만원 미만),0.2
"모델","2015","가구소득별",상(5000만원 이상),0.1
"모델","2015","가구소득별",모름/무응답,0.4
"모델","2015","혼인상태별",기혼,0.1
"모델","2015","혼인상태별",미혼,0.6
"모델","2015","혼인상태별",기타,0
"모델","2015","가구원수별",1명,0.6
"모델","2015","가구원수별",2명,0.3
"모델","2015","가구원수별",3명 이상,0.1
"모델","2015","자녀현황",1명,0.6
"모델","2015","자녀현황",2명,0.2
"모델","2015","자녀현황",3명 이상,0
"모델","2015","거주형태",자가,0
"모델","2015","거주형태",전/월세,0.2
"모델","2015","거주형태",기타,0.3
"모델","2015","거주형태",모름/무응답,0.9
"모델","2015","협회/단체 가입 여부",가입,0
"모델","2015","협회/단체 가입 여부",미가입,0.2
"모델","2015","지역별",서울,0.6
"모델","2015","지역별",부산,0.8
"모델","2015","지역별",대구,0
"모델","2015","지역별",인천,0
"모델","2015","지역별",광주,0
"모델","2015","지역별",대전,0
"모델","2015","지역별",울산,0
"모델","2015","지역별",경기,0
"모델","2015","지역별",강원,0.5
"모델","2015","지역별",충북,0
"모델","2015","지역별",충남,0
"모델","2015","지역별",전북,0.4
"모델","2015","지역별",전남,0
"모델","2015","지역별",경북,0
"모델","2015","지역별",경남,0
"모델","2015","지역별",제주,0
"모델","2015","지역별",모름/무응답,0
"모델","2018","전체",소계,0.7
"모델","2018","예술활동 분야별",문학,0
"모델","2018","예술활동 분야별",미술,0
"모델","2018","예술활동 분야별",공예,0
"모델","2018","예술활동 분야별",사진,0
"모델","2018","예술활동 분야별",건축,0
"모델","2018","예술활동 분야별",음악,0
"모델","2018","예술활동 분야별",국악,0.1
"모델","2018","예술활동 분야별",대중음악,0.2
"모델","2018","예술활동 분야별",방송,7.2
"모델","2018","예술활동 분야별",무용,0.2
"모델","2018","예술활동 분야별",연극,2.1
"모델","2018","예술활동 분야별",영화,0.9
"모델","2018","예술활동 분야별",만화,0
"모델","2018","예술활동 분야별",기타,0
"모델","2018","권역별",서울,1.6
"모델","2018","권역별",인천/경기,0.1
"모델","2018","권역별",부산/울산/대구/경북/경남,0.2
"모델","2018","권역별",대전/충청/강원,0
"모델","2018","권역별",광주/전라/제주,0.2
"모델","2018","권역별",모름/무응답,0
"모델","2018","성별",남성,0.6
"모델","2018","성별",여성,0.9
"모델","2018","연령별",39세 이하,1
"모델","2018","연령별",40대,1.7
"모델","2018","연령별",50대,0.3
"모델","2018","연령별",60세이상,0.1
"모델","2018","학력별",고졸 이하,1.8
"모델","2018","학력별",대졸,0.7
"모델","2018","학력별",대학원이상,0.1
"모델","2018","학력별",모름/무응답,0.7
"모델","2018","가구소득별",하(3000만원 미만),1
"모델","2018","가구소득별",중(3~5000만원 미만),0.4
"모델","2018","가구소득별",상(5000만원 이상),0.4
"기술감독","2015","전체",소계,0.9
"기술감독","2015","예술활동 분야별",문학,0
"기술감독","2015","예술활동 분야별",미술,0
"기술감독","2015","예술활동 분야별",공예,0
"기술감독","2015","예술활동 분야별",사진,0.2
"기술감독","2015","예술활동 분야별",건축,0
"기술감독","2015","예술활동 분야별",음악,1.2
"기술감독","2015","예술활동 분야별",국악,0.1
"기술감독","2015","예술활동 분야별",대중음악,0.8
"기술감독","2015","예술활동 분야별",방송,0
"기술감독","2015","예술활동 분야별",무용,0.9
"기술감독","2015","예술활동 분야별",연극,1.9
"기술감독","2015","예술활동 분야별",영화,10.7
"기술감독","2015","예술활동 분야별",만화,0
"기술감독","2015","예술활동 분야별",기타,0.7
"기술감독","2015","권역별",서울,1.9
"기술감독","2015","권역별",인천/경기,1.3
"기술감독","2015","권역별",부산/울산/대구/경북/경남,0.1
"기술감독","2015","권역별",대전/충청/강원,0.7
"기술감독","2015","권역별",광주/전라/제주,0.5
"기술감독","2015","권역별",모름/무응답,0
"기술감독","2015","성별",남성,1.6
"기술감독","2015","성별",여성,0.1
"기술감독","2015","연령별",39세 이하,1.4
"기술감독","2015","연령별",40대,1.7
"기술감독","2015","연령별",50대,0.2
"기술감독","2015","연령별",60세이상,0.1
"기술감독","2015","학력별",고졸 이하,1.2
"기술감독","2015","학력별",대졸,0.9
"기술감독","2015","학력별",대학원이상,0.7
"기술감독","2015","학력별",모름/무응답,0
"기술감독","2015","가구소득별",하(3000만원 미만),1.1
"기술감독","2015","가구소득별",중(3~5000만원 미만),0.7
"기술감독","2015","가구소득별",상(5000만원 이상),0.8
"기술감독","2015","가구소득별",모름/무응답,1.2
"기술감독","2015","혼인상태별",기혼,0.8
"기술감독","2015","혼인상태별",미혼,1.3
"기술감독","2015","혼인상태별",기타,0.5
"기술감독","2015","가구원수별",1명,1.8
"기술감독","2015","가구원수별",2명,0.7
"기술감독","2015","가구원수별",3명 이상,0.8
"기술감독","2015","자녀현황",1명,1.3
"기술감독","2015","자녀현황",2명,0.8
"기술감독","2015","자녀현황",3명 이상,0.7
"기술감독","2015","거주형태",자가,0.2
"기술감독","2015","거주형태",전/월세,0.4
"기술감독","2015","거주형태",기타,1.9
"기술감독","2015","거주형태",모름/무응답,0.7
"기술감독","2015","협회/단체 가입 여부",가입,0
"기술감독","2015","협회/단체 가입 여부",미가입,0.7
"기술감독","2015","지역별",서울,1.6
"기술감독","2015","지역별",부산,1.9
"기술감독","2015","지역별",대구,0
"기술감독","2015","지역별",인천,0
"기술감독","2015","지역별",광주,3.4
"기술감독","2015","지역별",대전,0.8
"기술감독","2015","지역별",울산,1
"기술감독","2015","지역별",경기,0
"기술감독","2015","지역별",강원,0.7
"기술감독","2015","지역별",충북,1.9
"기술감독","2015","지역별",충남,0
"기술감독","2015","지역별",전북,0
"기술감독","2015","지역별",전남,0
"기술감독","2015","지역별",경북,0
"기술감독","2015","지역별",경남,0
"기술감독","2015","지역별",제주,0.6
"기술감독","2015","지역별",모름/무응답,2.2
"기술감독","2018","전체",소계,0.7
"기술감독","2018","예술활동 분야별",문학,0
"기술감독","2018","예술활동 분야별",미술,0
"기술감독","2018","예술활동 분야별",공예,0
"기술감독","2018","예술활동 분야별",사진,0.1
"기술감독","2018","예술활동 분야별",건축,0
"기술감독","2018","예술활동 분야별",음악,0.6
"기술감독","2018","예술활동 분야별",국악,0.7
"기술감독","2018","예술활동 분야별",대중음악,0.6
"기술감독","2018","예술활동 분야별",방송,0.6
"기술감독","2018","예술활동 분야별",무용,0
"기술감독","2018","예술활동 분야별",연극,2
"기술감독","2018","예술활동 분야별",영화,5.7
"기술감독","2018","예술활동 분야별",만화,0
"기술감독","2018","예술활동 분야별",기타,0.8
"기술감독","2018","권역별",서울,0.8
"기술감독","2018","권역별",인천/경기,0.5
"기술감독","2018","권역별",부산/울산/대구/경북/경남,0.6
"기술감독","2018","권역별",대전/충청/강원,0.7
"기술감독","2018","권역별",광주/전라/제주,0.1
"기술감독","2018","권역별",모름/무응답,1.5
"기술감독","2018","성별",남성,0.9
"기술감독","2018","성별",여성,0.2
"기술감독","2018","연령별",39세 이하,1.6
"기술감독","2018","연령별",40대,0.4
"기술감독","2018","연령별",50대,0.3
"기술감독","2018","연령별",60세이상,0.1
"기술감독","2018","학력별",고졸 이하,0.7
"기술감독","2018","학력별",대졸,0.8
"기술감독","2018","학력별",대학원이상,0.4
"기술감독","2018","학력별",모름/무응답,0
"기술감독","2018","가구소득별",하(3000만원 미만),0.9
"기술감독","2018","가구소득별",중(3~5000만원 미만),0.6
"기술감독","2018","가구소득별",상(5000만원 이상),0.3
"국악작곡가및편곡가","2015","전체",소계,0.6
"국악작곡가및편곡가","2015","예술활동 분야별",문학,0
"국악작곡가및편곡가","2015","예술활동 분야별",미술,0
"국악작곡가및편곡가","2015","예술활동 분야별",공예,0
"국악작곡가및편곡가","2015","예술활동 분야별",사진,0
"국악작곡가및편곡가","2015","예술활동 분야별",건축,0
"국악작곡가및편곡가","2015","예술활동 분야별",음악,0.8
"국악작곡가및편곡가","2015","예술활동 분야별",국악,5.1
"국악작곡가및편곡가","2015","예술활동 분야별",대중음악,0.6
"국악작곡가및편곡가","2015","예술활동 분야별",방송,0
"국악작곡가및편곡가","2015","예술활동 분야별",무용,0
"국악작곡가및편곡가","2015","예술활동 분야별",연극,0
"국악작곡가및편곡가","2015","예술활동 분야별",영화,0
"국악작곡가및편곡가","2015","예술활동 분야별",만화,0
"국악작곡가및편곡가","2015","예술활동 분야별",기타,1.5
"국악작곡가및편곡가","2015","권역별",서울,1.4
"국악작곡가및편곡가","2015","권역별",인천/경기,0.7
"국악작곡가및편곡가","2015","권역별",부산/울산/대구/경북/경남,0.2
"국악작곡가및편곡가","2015","권역별",대전/충청/강원,0.5
"국악작곡가및편곡가","2015","권역별",광주/전라/제주,0.5
"국악작곡가및편곡가","2015","권역별",모름/무응답,0
"국악작곡가및편곡가","2015","성별",남성,0.7
"국악작곡가및편곡가","2015","성별",여성,0.5
"국악작곡가및편곡가","2015","연령별",39세 이하,1.3
"국악작곡가및편곡가","2015","연령별",40대,0.3
"국악작곡가및편곡가","2015","연령별",50대,0.2
"국악작곡가및편곡가","2015","연령별",60세이상,0.6
"국악작곡가및편곡가","2015","학력별",고졸 이하,0.6
"국악작곡가및편곡가","2015","학력별",대졸,0.6
"국악작곡가및편곡가","2015","학력별",대학원이상,0.8
"국악작곡가및편곡가","2015","학력별",모름/무응답,2.8
"국악작곡가및편곡가","2015","가구소득별",하(3000만원 미만),1.2
"국악작곡가및편곡가","2015","가구소득별",중(3~5000만원 미만),0.3
"국악작곡가및편곡가","2015","가구소득별",상(5000만원 이상),0.6
"국악작곡가및편곡가","2015","가구소득별",모름/무응답,0.2
"국악작곡가및편곡가","2015","혼인상태별",기혼,0.6
"국악작곡가및편곡가","2015","혼인상태별",미혼,0.7
"국악작곡가및편곡가","2015","혼인상태별",기타,0.9
"국악작곡가및편곡가","2015","가구원수별",1명,0.6
"국악작곡가및편곡가","2015","가구원수별",2명,0.8
"국악작곡가및편곡가","2015","가구원수별",3명 이상,0.6
"국악작곡가및편곡가","2015","자녀현황",1명,0.8
"국악작곡가및편곡가","2015","자녀현황",2명,0.5
"국악작곡가및편곡가","2015","자녀현황",3명 이상,0.3
"국악작곡가및편곡가","2015","거주형태",자가,1.7
"국악작곡가및편곡가","2015","거주형태",전/월세,0.5
"국악작곡가및편곡가","2015","거주형태",기타,1.1
"국악작곡가및편곡가","2015","거주형태",모름/무응답,0
"국악작곡가및편곡가","2015","협회/단체 가입 여부",가입,0
"국악작곡가및편곡가","2015","협회/단체 가입 여부",미가입,0.7
"국악작곡가및편곡가","2015","지역별",서울,0.6
"국악작곡가및편곡가","2015","지역별",부산,1.4
"국악작곡가및편곡가","2015","지역별",대구,0
"국악작곡가및편곡가","2015","지역별",인천,0.4
"국악작곡가및편곡가","2015","지역별",광주,0.7
"국악작곡가및편곡가","2015","지역별",대전,0
"국악작곡가및편곡가","2015","지역별",울산,0.2
"국악작곡가및편곡가","2015","지역별",경기,0.8
"국악작곡가및편곡가","2015","지역별",강원,0.7
"국악작곡가및편곡가","2015","지역별",충북,1.3
"국악작곡가및편곡가","2015","지역별",충남,0
"국악작곡가및편곡가","2015","지역별",전북,0.5
"국악작곡가및편곡가","2015","지역별",전남,0.9
"국악작곡가및편곡가","2015","지역별",경북,0
"국악작곡가및편곡가","2015","지역별",경남,0
"국악작곡가및편곡가","2015","지역별",제주,0.3
"국악작곡가및편곡가","2015","지역별",모름/무응답,1.5
"국악작곡가및편곡가","2018","전체",소계,0.6
"국악작곡가및편곡가","2018","예술활동 분야별",문학,0
"국악작곡가및편곡가","2018","예술활동 분야별",미술,0
"국악작곡가및편곡가","2018","예술활동 분야별",공예,0
"국악작곡가및편곡가","2018","예술활동 분야별",사진,0
"국악작곡가및편곡가","2018","예술활동 분야별",건축,0
"국악작곡가및편곡가","2018","예술활동 분야별",음악,1.3
"국악작곡가및편곡가","2018","예술활동 분야별",국악,5.2
"국악작곡가및편곡가","2018","예술활동 분야별",대중음악,1.1
"국악작곡가및편곡가","2018","예술활동 분야별",방송,0
"국악작곡가및편곡가","2018","예술활동 분야별",무용,0.9
"국악작곡가및편곡가","2018","예술활동 분야별",연극,0.3
"국악작곡가및편곡가","2018","예술활동 분야별",영화,0
"국악작곡가및편곡가","2018","예술활동 분야별",만화,0
"국악작곡가및편곡가","2018","예술활동 분야별",기타,0.4
"국악작곡가및편곡가","2018","권역별",서울,0.7
"국악작곡가및편곡가","2018","권역별",인천/경기,0.2
"국악작곡가및편곡가","2018","권역별",부산/울산/대구/경북/경남,0.8
"국악작곡가및편곡가","2018","권역별",대전/충청/강원,0.6
"국악작곡가및편곡가","2018","권역별",광주/전라/제주,0.3
"국악작곡가및편곡가","2018","권역별",모름/무응답,0.9
"국악작곡가및편곡가","2018","성별",남성,0.6
"국악작곡가및편곡가","2018","성별",여성,0.6
"국악작곡가및편곡가","2018","연령별",39세 이하,0.6
"국악작곡가및편곡가","2018","연령별",40대,1
"국악작곡가및편곡가","2018","연령별",50대,0.4
"국악작곡가및편곡가","2018","연령별",60세이상,0.4
"국악작곡가및편곡가","2018","학력별",고졸 이하,0.8
"국악작곡가및편곡가","2018","학력별",대졸,0.5
"국악작곡가및편곡가","2018","학력별",대학원이상,0.4
"국악작곡가및편곡가","2018","학력별",모름/무응답,2.6
"국악작곡가및편곡가","2018","가구소득별",하(3000만원 미만),0.6
"국악작곡가및편곡가","2018","가구소득별",중(3~5000만원 미만),0.5
"국악작곡가및편곡가","2018","가구소득별",상(5000만원 이상),0.6
"희극인(개그맨 및 코미디언)","2018","전체",소계,0.3
"희극인(개그맨 및 코미디언)","2018","예술활동 분야별",문학,0
"희극인(개그맨 및 코미디언)","2018","예술활동 분야별",미술,0
"희극인(개그맨 및 코미디언)","2018","예술활동 분야별",공예,0
"희극인(개그맨 및 코미디언)","2018","예술활동 분야별",사진,0
"희극인(개그맨 및 코미디언)","2018","예술활동 분야별",건축,0
"희극인(개그맨 및 코미디언)","2018","예술활동 분야별",음악,0
"희극인(개그맨 및 코미디언)","2018","예술활동 분야별",국악,0
"희극인(개그맨 및 코미디언)","2018","예술활동 분야별",대중음악,0
"희극인(개그맨 및 코미디언)","2018","예술활동 분야별",방송,4.2
"희극인(개그맨 및 코미디언)","2018","예술활동 분야별",무용,0
"희극인(개그맨 및 코미디언)","2018","예술활동 분야별",연극,0.1
"희극인(개그맨 및 코미디언)","2018","예술활동 분야별",영화,0
"희극인(개그맨 및 코미디언)","2018","예술활동 분야별",만화,0
"희극인(개그맨 및 코미디언)","2018","예술활동 분야별",기타,0
"희극인(개그맨 및 코미디언)","2018","권역별",서울,0.4
"희극인(개그맨 및 코미디언)","2018","권역별",인천/경기,0.2
"희극인(개그맨 및 코미디언)","2018","권역별",부산/울산/대구/경북/경남,0.1
"희극인(개그맨 및 코미디언)","2018","권역별",대전/충청/강원,0
"희극인(개그맨 및 코미디언)","2018","권역별",광주/전라/제주,0.4
"희극인(개그맨 및 코미디언)","2018","권역별",모름/무응답,0
"희극인(개그맨 및 코미디언)","2018","성별",남성,0.2
"희극인(개그맨 및 코미디언)","2018","성별",여성,0.3
"희극인(개그맨 및 코미디언)","2018","연령별",39세 이하,0.4
"희극인(개그맨 및 코미디언)","2018","연령별",40대,0.3
"희극인(개그맨 및 코미디언)","2018","연령별",50대,0.2
"희극인(개그맨 및 코미디언)","2018","연령별",60세이상,0.1
"희극인(개그맨 및 코미디언)","2018","학력별",고졸 이하,0.5
"희극인(개그맨 및 코미디언)","2018","학력별",대졸,0.3
"희극인(개그맨 및 코미디언)","2018","학력별",대학원이상,0.1
"희극인(개그맨 및 코미디언)","2018","학력별",모름/무응답,0.1
"희극인(개그맨 및 코미디언)","2018","가구소득별",하(3000만원 미만),0.3
"희극인(개그맨 및 코미디언)","2018","가구소득별",중(3~5000만원 미만),0.3
"희극인(개그맨 및 코미디언)","2018","가구소득별",상(5000만원 이상),0.1
"애니메이터","2015","전체",소계,0.2
"애니메이터","2015","예술활동 분야별",문학,0
"애니메이터","2015","예술활동 분야별",미술,0
"애니메이터","2015","예술활동 분야별",공예,0.4
"애니메이터","2015","예술활동 분야별",사진,0
"애니메이터","2015","예술활동 분야별",건축,0
"애니메이터","2015","예술활동 분야별",음악,0
"애니메이터","2015","예술활동 분야별",국악,0
"애니메이터","2015","예술활동 분야별",대중음악,0
"애니메이터","2015","예술활동 분야별",방송,0
"애니메이터","2015","예술활동 분야별",무용,0.5
"애니메이터","2015","예술활동 분야별",연극,0
"애니메이터","2015","예술활동 분야별",영화,1.9
"애니메이터","2015","예술활동 분야별",만화,2.9
"애니메이터","2015","예술활동 분야별",기타,0.1
"애니메이터","2015","권역별",서울,0.3
"애니메이터","2015","권역별",인천/경기,0.1
"애니메이터","2015","권역별",부산/울산/대구/경북/경남,0.1
"애니메이터","2015","권역별",대전/충청/강원,0.1
"애니메이터","2015","권역별",광주/전라/제주,0.4
"애니메이터","2015","권역별",모름/무응답,0
"애니메이터","2015","성별",남성,0.2
"애니메이터","2015","성별",여성,0.2
"애니메이터","2015","연령별",39세 이하,0.4
"애니메이터","2015","연령별",40대,0.4
"애니메이터","2015","연령별",50대,0
"애니메이터","2015","연령별",60세이상,0
"애니메이터","2015","학력별",고졸 이하,0
"애니메이터","2015","학력별",대졸,0.2
"애니메이터","2015","학력별",대학원이상,0.2
"애니메이터","2015","학력별",모름/무응답,0
"애니메이터","2015","가구소득별",하(3000만원 미만),0.2
"애니메이터","2015","가구소득별",중(3~5000만원 미만),0.3
"애니메이터","2015","가구소득별",상(5000만원 이상),0.1
"애니메이터","2015","가구소득별",모름/무응답,0.2
"애니메이터","2015","혼인상태별",기혼,0.1
"애니메이터","2015","혼인상태별",미혼,0.4
"애니메이터","2015","혼인상태별",기타,0
"애니메이터","2015","가구원수별",1명,0.4
"애니메이터","2015","가구원수별",2명,0.2
"애니메이터","2015","가구원수별",3명 이상,0.1
"애니메이터","2015","자녀현황",1명,0.4
"애니메이터","2015","자녀현황",2명,0
"애니메이터","2015","자녀현황",3명 이상,0.1
"애니메이터","2015","거주형태",자가,0.1
"애니메이터","2015","거주형태",전/월세,0.1
"애니메이터","2015","거주형태",기타,0.3
"애니메이터","2015","거주형태",모름/무응답,0.9
"애니메이터","2015","협회/단체 가입 여부",가입,0
"애니메이터","2015","협회/단체 가입 여부",미가입,0.1
"애니메이터","2015","지역별",서울,0.5
"애니메이터","2015","지역별",부산,0.3
"애니메이터","2015","지역별",대구,0.2
"애니메이터","2015","지역별",인천,0
"애니메이터","2015","지역별",광주,0
"애니메이터","2015","지역별",대전,0
"애니메이터","2015","지역별",울산,0
"애니메이터","2015","지역별",경기,0
"애니메이터","2015","지역별",강원,0.2
"애니메이터","2015","지역별",충북,0.3
"애니메이터","2015","지역별",충남,0
"애니메이터","2015","지역별",전북,0
"애니메이터","2015","지역별",전남,0.4
"애니메이터","2015","지역별",경북,0.5
"애니메이터","2015","지역별",경남,0
"애니메이터","2015","지역별",제주,0
"애니메이터","2015","지역별",모름/무응답,0.9
"애니메이터","2018","전체",소계,0.2
"애니메이터","2018","예술활동 분야별",문학,0
"애니메이터","2018","예술활동 분야별",미술,0.5
"애니메이터","2018","예술활동 분야별",공예,0
"애니메이터","2018","예술활동 분야별",사진,0
"애니메이터","2018","예술활동 분야별",건축,0.5
"애니메이터","2018","예술활동 분야별",음악,0
"애니메이터","2018","예술활동 분야별",국악,0
"애니메이터","2018","예술활동 분야별",대중음악,0
"애니메이터","2018","예술활동 분야별",방송,0
"애니메이터","2018","예술활동 분야별",무용,0
"애니메이터","2018","예술활동 분야별",연극,0
"애니메이터","2018","예술활동 분야별",영화,2.3
"애니메이터","2018","예술활동 분야별",만화,1.6
"애니메이터","2018","예술활동 분야별",기타,0
"애니메이터","2018","권역별",서울,0.2
"애니메이터","2018","권역별",인천/경기,0
"애니메이터","2018","권역별",부산/울산/대구/경북/경남,0.2
"애니메이터","2018","권역별",대전/충청/강원,0.9
"애니메이터","2018","권역별",광주/전라/제주,0.1
"애니메이터","2018","권역별",모름/무응답,0.2
"애니메이터","2018","성별",남성,0.2
"애니메이터","2018","성별",여성,0.3
"애니메이터","2018","연령별",39세 이하,0.5
"애니메이터","2018","연령별",40대,0
"애니메이터","2018","연령별",50대,0.3
"애니메이터","2018","연령별",60세이상,0
"애니메이터","2018","학력별",고졸 이하,0.4
"애니메이터","2018","학력별",대졸,0.2
"애니메이터","2018","학력별",대학원이상,0.1
"애니메이터","2018","학력별",모름/무응답,0
"애니메이터","2018","가구소득별",하(3000만원 미만),0.3
"애니메이터","2018","가구소득별",중(3~5000만원 미만),0.1
"애니메이터","2018","가구소득별",상(5000만원 이상),0.2
"마술사","2015","전체",소계,0
"마술사","2015","예술활동 분야별",문학,0
"마술사","2015","예술활동 분야별",미술,0
"마술사","2015","예술활동 분야별",공예,0
"마술사","2015","예술활동 분야별",사진,0
"마술사","2015","예술활동 분야별",건축,0
"마술사","2015","예술활동 분야별",음악,0
"마술사","2015","예술활동 분야별",국악,0
"마술사","2015","예술활동 분야별",대중음악,0
"마술사","2015","예술활동 분야별",방송,0
"마술사","2015","예술활동 분야별",무용,0
"마술사","2015","예술활동 분야별",연극,0.2
"마술사","2015","예술활동 분야별",영화,0
"마술사","2015","예술활동 분야별",만화,0
"마술사","2015","예술활동 분야별",기타,0.1
"마술사","2015","권역별",서울,0
"마술사","2015","권역별",인천/경기,0.1
"마술사","2015","권역별",부산/울산/대구/경북/경남,0.1
"마술사","2015","권역별",대전/충청/강원,0
"마술사","2015","권역별",광주/전라/제주,0
"마술사","2015","권역별",모름/무응답,0
"마술사","2015","성별",남성,0.1
"마술사","2015","성별",여성,0
"마술사","2015","연령별",39세 이하,0
"마술사","2015","연령별",40대,0
"마술사","2015","연령별",50대,0
"마술사","2015","연령별",60세이상,0.1
"마술사","2015","학력별",고졸 이하,0
"마술사","2015","학력별",대졸,0.1
"마술사","2015","학력별",대학원이상,0
"마술사","2015","학력별",모름/무응답,0
"마술사","2015","가구소득별",하(3000만원 미만),0.1
"마술사","2015","가구소득별",중(3~5000만원 미만),0.1
"마술사","2015","가구소득별",상(5000만원 이상),0
"마술사","2015","가구소득별",모름/무응답,0
"마술사","2015","혼인상태별",기혼,0
"마술사","2015","혼인상태별",미혼,0.1
"마술사","2015","혼인상태별",기타,0
"마술사","2015","가구원수별",1명,0
"마술사","2015","가구원수별",2명,0.1
"마술사","2015","가구원수별",3명 이상,0
"마술사","2015","자녀현황",1명,0
"마술사","2015","자녀현황",2명,0.1
"마술사","2015","자녀현황",3명 이상,0
"마술사","2015","거주형태",자가,0
"마술사","2015","거주형태",전/월세,0.1
"마술사","2015","거주형태",기타,0
"마술사","2015","거주형태",모름/무응답,0
"마술사","2015","협회/단체 가입 여부",가입,0
"마술사","2015","협회/단체 가입 여부",미가입,0
"마술사","2015","지역별",서울,0
"마술사","2015","지역별",부산,0
"마술사","2015","지역별",대구,0.3
"마술사","2015","지역별",인천,0
"마술사","2015","지역별",광주,0.3
"마술사","2015","지역별",대전,0
"마술사","2015","지역별",울산,0
"마술사","2015","지역별",경기,0
"마술사","2015","지역별",강원,0
"마술사","2015","지역별",충북,0
"마술사","2015","지역별",충남,0
"마술사","2015","지역별",전북,0
"마술사","2015","지역별",전남,0
"마술사","2015","지역별",경북,0
"마술사","2015","지역별",경남,0
"마술사","2015","지역별",제주,0
"마술사","2015","지역별",모름/무응답,0
"마술사","2018","전체",소계,0.1
"마술사","2018","예술활동 분야별",문학,0
"마술사","2018","예술활동 분야별",미술,0
"마술사","2018","예술활동 분야별",공예,0
"마술사","2018","예술활동 분야별",사진,0
"마술사","2018","예술활동 분야별",건축,0
"마술사","2018","예술활동 분야별",음악,0
"마술사","2018","예술활동 분야별",국악,0
"마술사","2018","예술활동 분야별",대중음악,0
"마술사","2018","예술활동 분야별",방송,2.3
"마술사","2018","예술활동 분야별",무용,0
"마술사","2018","예술활동 분야별",연극,0.1
"마술사","2018","예술활동 분야별",영화,0
"마술사","2018","예술활동 분야별",만화,0
"마술사","2018","예술활동 분야별",기타,0.1
"마술사","2018","권역별",서울,0.1
"마술사","2018","권역별",인천/경기,0.1
"마술사","2018","권역별",부산/울산/대구/경북/경남,0.1
"마술사","2018","권역별",대전/충청/강원,0.4
"마술사","2018","권역별",광주/전라/제주,0
"마술사","2018","권역별",모름/무응답,0.2
"마술사","2018","성별",남성,0.2
"마술사","2018","성별",여성,0
"마술사","2018","연령별",39세 이하,0.4
"마술사","2018","연령별",40대,0.1
"마술사","2018","연령별",50대,0
"마술사","2018","연령별",60세이상,0
"마술사","2018","학력별",고졸 이하,0.4
"마술사","2018","학력별",대졸,0.1
"마술사","2018","학력별",대학원이상,0
"마술사","2018","학력별",모름/무응답,0
"마술사","2018","가구소득별",하(3000만원 미만),0.2
"마술사","2018","가구소득별",중(3~5000만원 미만),0.1
"마술사","2018","가구소득별",상(5000만원 이상),0
"곡예사","2018","전체",소계,0.1
"곡예사","2018","예술활동 분야별",문학,0
"곡예사","2018","예술활동 분야별",미술,0
"곡예사","2018","예술활동 분야별",공예,0
"곡예사","2018","예술활동 분야별",사진,0
"곡예사","2018","예술활동 분야별",건축,0
"곡예사","2018","예술활동 분야별",음악,0
"곡예사","2018","예술활동 분야별",국악,0.3
"곡예사","2018","예술활동 분야별",대중음악,0
"곡예사","2018","예술활동 분야별",방송,0.4
"곡예사","2018","예술활동 분야별",무용,0.6
"곡예사","2018","예술활동 분야별",연극,0.1
"곡예사","2018","예술활동 분야별",영화,0
"곡예사","2018","예술활동 분야별",만화,0
"곡예사","2018","예술활동 분야별",기타,0.8
"곡예사","2018","권역별",서울,0.3
"곡예사","2018","권역별",인천/경기,0
"곡예사","2018","권역별",부산/울산/대구/경북/경남,0.1
"곡예사","2018","권역별",대전/충청/강원,0
"곡예사","2018","권역별",광주/전라/제주,0
"곡예사","2018","권역별",모름/무응답,0
"곡예사","2018","성별",남성,0.2
"곡예사","2018","성별",여성,0
"곡예사","2018","연령별",39세 이하,0.4
"곡예사","2018","연령별",40대,0
"곡예사","2018","연령별",50대,0
"곡예사","2018","연령별",60세이상,0
"곡예사","2018","학력별",고졸 이하,0.1
"곡예사","2018","학력별",대졸,0.2
"곡예사","2018","학력별",대학원이상,0
"곡예사","2018","학력별",모름/무응답,0
"곡예사","2018","가구소득별",하(3000만원 미만),0.2
"곡예사","2018","가구소득별",중(3~5000만원 미만),0.1
"곡예사","2018","가구소득별",상(5000만원 이상),0
"디자이너","2015","전체",소계,1.6
"디자이너","2015","예술활동 분야별",문학,0
"디자이너","2015","예술활동 분야별",미술,4
"디자이너","2015","예술활동 분야별",공예,6.7
"디자이너","2015","예술활동 분야별",사진,0.7
"디자이너","2015","예술활동 분야별",건축,1.2
"디자이너","2015","예술활동 분야별",음악,0.3
"디자이너","2015","예술활동 분야별",국악,0.3
"디자이너","2015","예술활동 분야별",대중음악,0.6
"디자이너","2015","예술활동 분야별",방송,0
"디자이너","2015","예술활동 분야별",무용,0.8
"디자이너","2015","예술활동 분야별",연극,0.8
"디자이너","2015","예술활동 분야별",영화,0.3
"디자이너","2015","예술활동 분야별",만화,1.6
"디자이너","2015","예술활동 분야별",기타,2.5
"디자이너","2015","권역별",서울,4
"디자이너","2015","권역별",인천/경기,1
"디자이너","2015","권역별",부산/울산/대구/경북/경남,0.9
"디자이너","2015","권역별",대전/충청/강원,2
"디자이너","2015","권역별",광주/전라/제주,0.5
"디자이너","2015","권역별",모름/무응답,0
"디자이너","2015","성별",남성,1.5
"디자이너","2015","성별",여성,1.8
"디자이너","2015","연령별",39세 이하,2.2
"디자이너","2015","연령별",40대,1.8
"디자이너","2015","연령별",50대,1.6
"디자이너","2015","연령별",60세이상,0.7
"디자이너","2015","학력별",고졸 이하,1.1
"디자이너","2015","학력별",대졸,0.9
"디자이너","2015","학력별",대학원이상,3.4
"디자이너","2015","학력별",모름/무응답,0
"디자이너","2015","가구소득별",하(3000만원 미만),2.1
"디자이너","2015","가구소득별",중(3~5000만원 미만),0.9
"디자이너","2015","가구소득별",상(5000만원 이상),2
"디자이너","2015","가구소득별",모름/무응답,1.6
"디자이너","2015","혼인상태별",기혼,1.3
"디자이너","2015","혼인상태별",미혼,2.5
"디자이너","2015","혼인상태별",기타,0.8
"디자이너","2015","가구원수별",1명,3
"디자이너","2015","가구원수별",2명,0.8
"디자이너","2015","가구원수별",3명 이상,1.7
"디자이너","2015","자녀현황",1명,2.2
"디자이너","2015","자녀현황",2명,1.4
"디자이너","2015","자녀현황",3명 이상,1.3
"디자이너","2015","거주형태",자가,1
"디자이너","2015","거주형태",전/월세,1.4
"디자이너","2015","거주형태",기타,2.2
"디자이너","2015","거주형태",모름/무응답,1.5
"디자이너","2015","협회/단체 가입 여부",가입,0
"디자이너","2015","협회/단체 가입 여부",미가입,1.3
"디자이너","2015","지역별",서울,3.1
"디자이너","2015","지역별",부산,4
"디자이너","2015","지역별",대구,2.4
"디자이너","2015","지역별",인천,0.4
"디자이너","2015","지역별",광주,0.3
"디자이너","2015","지역별",대전,0.5
"디자이너","2015","지역별",울산,1.2
"디자이너","2015","지역별",경기,1.1
"디자이너","2015","지역별",강원,1.3
"디자이너","2015","지역별",충북,3.1
"디자이너","2015","지역별",충남,2.2
"디자이너","2015","지역별",전북,1.6
"디자이너","2015","지역별",전남,0.4
"디자이너","2015","지역별",경북,0
"디자이너","2015","지역별",경남,0
"디자이너","2015","지역별",제주,0
"디자이너","2015","지역별",모름/무응답,1.5
"디자이너","2018","전체",소계,1.7
"디자이너","2018","예술활동 분야별",문학,0.7
"디자이너","2018","예술활동 분야별",미술,2.9
"디자이너","2018","예술활동 분야별",공예,13.9
"디자이너","2018","예술활동 분야별",사진,0.7
"디자이너","2018","예술활동 분야별",건축,13.8
"디자이너","2018","예술활동 분야별",음악,0.4
"디자이너","2018","예술활동 분야별",국악,0
"디자이너","2018","예술활동 분야별",대중음악,0.6
"디자이너","2018","예술활동 분야별",방송,0.9
"디자이너","2018","예술활동 분야별",무용,0.6
"디자이너","2018","예술활동 분야별",연극,1.5
"디자이너","2018","예술활동 분야별",영화,0
"디자이너","2018","예술활동 분야별",만화,0.9
"디자이너","2018","예술활동 분야별",기타,1.1
"디자이너","2018","권역별",서울,2.5
"디자이너","2018","권역별",인천/경기,0.5
"디자이너","2018","권역별",부산/울산/대구/경북/경남,2.5
"디자이너","2018","권역별",대전/충청/강원,0.8
"디자이너","2018","권역별",광주/전라/제주,0.6
"디자이너","2018","권역별",모름/무응답,2.8
"디자이너","2018","성별",남성,1.7
"디자이너","2018","성별",여성,1.7
"디자이너","2018","연령별",39세 이하,2.6
"디자이너","2018","연령별",40대,1.5
"디자이너","2018","연령별",50대,1
"디자이너","2018","연령별",60세이상,1.5
"디자이너","2018","학력별",고졸 이하,0.5
"디자이너","2018","학력별",대졸,1.9
"디자이너","2018","학력별",대학원이상,2.1
"디자이너","2018","학력별",모름/무응답,3.2
"디자이너","2018","가구소득별",하(3000만원 미만),2
"디자이너","2018","가구소득별",중(3~5000만원 미만),1.5
"디자이너","2018","가구소득별",상(5000만원 이상),1.4
